izo,lat,lon
110380169,50.0085018,14.4488736
110450591,49.8082535,14.7525921
151040583,49.2146451,16.6304488
045246751,50.0804412,14.4152163
045246726,50.0908022,14.4288582
049276212,50.0366242,14.4988731
018627994,50.0862256,14.3754717
048546119,50.1074233,14.4399394
108001539,50.1263462,14.4999289
108002411,50.1429688,14.1185963
110036271,49.412857,14.6607186
060064161,49.4109735,14.6745185
110100221,49.5061166,12.8807083
064353290,49.7467931,13.3497757
110034015,49.7773979,13.3616104
108006018,50.7287013,15.1723013
110018141,50.7758371,15.0400904
108043762,50.5364818,14.1318716
102441073,50.6070241,13.6192558
108019578,50.6808371,13.8732071
108037738,50.6797993,13.8710033
043475621,50.217781,15.8153194
000191817,50.1648638,16.2793325
042887941,50.0961729,16.0909224
108024181,49.6554407,13.2908386
041565690,49.2112116,16.5783654
049486101,49.2066254,16.5523352
110300238,49.2274109,16.5275337
000402443,49.2016889,16.5806296
049157841,49.2421463,17.6642375
110009274,49.3993489,15.5897723
181134799,49.0712204,17.4728663
110009312,49.0707768,17.4719067
108012671,49.9857551,17.4582363
108046184,49.6005475,18.146985
049588095,49.5900252,17.2544657
108035913,49.9498526,17.8680713
060340151,49.8107763,18.2552154
044940998,49.83868,18.2942849
042962358,49.5787881,17.2578692
110009291,49.4580197,17.452375
060042281,49.4715901,17.97031
044159765,49.3365201,17.9843238
049582071,49.4652376,18.1431213
181033666,50.0863665,14.4570868
000638447,50.0895532,14.4207009
060446218,50.0908539,14.4313451
061388866,50.0888639,14.4245479
000638595,50.0847148,14.4030132
110001656,50.0842552,14.4052073
063109662,50.0880261,14.4053587
061388726,50.0913019,14.4202035
061387002,50.0844913,14.4316467
013094394,50.0782639,14.415694
000638293,50.0895045,14.4250175
000638307,50.0789969,14.4171513
110032641,50.0835677,14.4149603
060449004,50.0845308,14.4321092
110001630,50.0784839,14.4253988
000334677,50.0691789,14.4184051
000638552,50.0672291,14.4589094
000638463,50.0756606,14.4166803
000283762,50.0772948,14.4388558
000638374,50.0754339,14.4260084
044846738,50.0751873,14.4383019
110001664,50.0754339,14.4260084
013818082,50.1085242,14.4487076
000638455,50.0758945,14.4159392
045268983,50.0772948,14.4388558
000638366,50.0696723,14.4156768
000549185,50.0736808,14.4356339
045768561,50.0756789,14.4265201
000335410,50.0838335,14.4503912
110002008,50.0824421,14.4511815
000312835,50.0814037,14.4556622
000335398,50.0923266,14.475662
000638609,50.0770572,14.4773888
108029310,50.0188605,14.4412404
000335533,50.0524473,14.4550183
000638358,50.0546128,14.4471143
000335606,50.0451006,14.4926491
000639028,50.0989159,14.3922453
000335487,50.0623079,14.4349025
044809875,50.034355,14.5582979
048109355,50.0738482,14.4418701
108029409,50.0530462,14.3330178
049366629,50.0287405,14.5188412
108029417,50.0304065,14.4259065
014891531,50.0526853,14.4553929
110007778,50.0094812,14.4237765
181077272,50.0094812,14.4237765
110001648,50.0203402,14.4925249
110036514,50.0242026,14.4919964
181035669,50.022017,14.4990658
041193041,50.0727845,14.4378136
000335479,50.0434058,14.4528235
044796277,50.0281809,14.5355526
108029344,50.0580997,14.4324749
007810041,50.0387711,14.4244108
048134023,50.0457006,14.4306116
102101337,50.0457006,14.4306116
110001621,50.0528886,14.4523055
045247226,50.0477341,14.4867503
108029395,50.1087756,14.5576103
061385271,50.0709756,14.3993644
061384992,49.9832668,14.3571646
061385701,50.0803692,14.4068295
060446234,50.0520406,14.3403734
061386855,50.046716,14.3579589
041194462,50.0108716,14.4150118
108023079,50.011431,14.3928447
108023087,49.9865291,14.356682
049232886,50.0690432,14.3060296
061385298,50.0680678,14.3730819
014891263,50.0484737,14.4067066
110001885,50.0739595,14.5201812
110007701,50.0905565,14.4401972
045248001,50.0757017,14.4018915
061386022,50.0993214,14.3596469
061388246,50.0878859,14.3873313
061384534,50.1044781,14.4079859
049625446,50.0855773,14.3426927
011217731,50.0924824,14.5165085
000639494,50.0960544,14.2936183
060447109,50.0761942,14.4495944
061388068,50.0999417,14.3869312
061385891,50.1076638,14.4406077
110034741,50.1173433,14.4229011
000336475,50.1084768,14.4708297
000638501,50.0764946,14.4782135
108000877,50.0882356,14.4602713
000638218,50.0901151,14.4485577
110036204,50.0904852,14.4492546
108056911,50.0377984,14.3383971
000340383,50.1322294,14.4207798
000064556,50.0899579,14.4400993
000550591,49.1910514,16.596357
151040290,49.8107763,18.2552154
016499671,50.1284804,14.4109945
102160261,50.1283623,14.4094352
045796955,50.0389006,14.4759763
049356062,50.1284167,14.4435573
110380223,50.0918364,14.4447203
016190483,50.1002578,14.4903999
108001342,50.1263462,14.4999289
000638404,50.0917251,14.5127346
108001270,50.1512576,14.5241931
108001369,50.1089294,14.5034742
011233354,50.0685008,14.2949151
108001288,50.104421,14.5831358
014891409,50.1006836,14.4939458
108001491,50.1190242,14.4913744
000638170,50.1187838,14.4872064
000300268,50.0891736,14.5150949
110380339,50.0903079,14.6663756
108001547,50.1042577,14.569515
110007786,50.1313606,14.4756259
181054531,50.1313606,14.4756259
110007808,50.0047831,14.4057121
000638188,50.1092363,14.5040042
000222411,50.1034663,14.5133345
000563722,50.1094962,14.5556419
044264445,50.1166153,14.4219559
045270082,50.084662,14.4809487
108001571,50.1475878,14.5286487
110007671,50.1049156,14.5593594
110011350,50.10605,14.5490483
060162961,50.0502595,14.5212542
000638421,50.0802332,14.5029631
012583731,50.0424774,14.5555035
047608960,50.0618872,14.4426424
000638412,50.0844249,14.4916187
000638510,50.0707142,14.4521347
041190726,50.0842415,14.4941673
000638200,50.0693195,14.4965905
000639133,50.0646361,14.5009932
063109026,50.0722151,14.4775458
000013757,50.1433923,14.5089407
016996593,50.0904988,14.4399556
061664707,49.7801355,14.6868127
061664651,49.7848559,14.6829426
061664553,49.7052763,14.8924813
061664537,49.6961688,14.8933788
061664715,49.7748385,14.6960691
107820013,49.7789341,14.6796413
061664545,49.7031235,14.9003498
107820340,49.7063113,14.9073688
110450311,49.756595,14.5332775
061662356,50.1937774,14.1178179
047558407,49.9591776,14.0725197
047558458,49.8352358,13.906828
047558415,49.9611572,14.0744015
047558504,49.837535,13.8956954
000664740,49.9651249,14.0641066
000069027,50.1433676,14.0937987
000068781,50.2333751,14.0844475
000069124,50.2326775,14.0841088
043784054,50.1375578,14.1028856
181044510,50.1283239,14.1207909
000069019,50.140633,14.1005697
000068772,50.1430169,14.0981214
107820102,50.1315154,14.1136565
150027265,50.1326183,14.2346936
150067861,50.12358,14.1216413
000068799,50.0219721,15.1980338
000069132,50.0271282,15.2029531
000068802,50.0748865,14.8553986
044683405,50.0230927,15.2101295
000641065,50.0246965,15.2002759
000069043,50.0078291,15.2304961
110036816,50.0282254,15.1903559
061924032,49.9425879,15.2575865
061924041,49.9125981,15.3920542
061924008,49.9081428,15.3961871
107820668,49.9169569,15.3862001
049797999,49.9024904,15.3934668
061924059,49.9532472,15.2758173
110036778,49.9547359,15.2663031
000474029,50.2604026,14.5188037
000068837,50.3531314,14.4792661
000068845,50.239749,14.3013515
000069078,50.3483071,14.4813434
000069221,50.3455988,14.481345
000069540,50.4078364,14.4467459
108022463,50.4152209,14.9058406
000068861,50.5226275,14.9688211
000069086,50.4164151,14.905055
108022650,50.4113875,14.9122038
108022722,50.4397713,14.927495
108022676,50.4112404,14.9179276
110012895,50.4112404,14.9179276
000068853,50.4160618,14.9064936
107820439,50.3270624,14.8560615
000069141,50.4121787,14.9105015
107820447,50.5624653,15.0168588
107820153,50.4269313,14.9186475
000068888,50.1456157,15.1167271
000069175,50.1429151,15.1217937
108052052,50.1417323,15.1194189
000069248,50.1525968,15.11363
040801462,50.1916607,15.05074
000068870,50.1907761,15.041866
000069574,50.2087853,15.3042027
150068654,50.1950702,14.8524344
108052028,50.2047904,14.8399127
000664359,50.1480021,15.1187671
108052940,50.1632951,14.7507063
108003841,50.2186895,14.4096294
108003981,50.1806256,14.6584102
108052958,49.9917087,14.6621828
108003868,50.184405,14.6701023
110450469,50.1595538,14.7420275
107820480,49.8977148,14.4856476
000068934,49.7794713,14.17405
000069108,49.6875036,14.0188165
000069159,49.6903549,14.0095511
000068926,49.6886919,14.0186036
000068942,49.6567349,14.4277015
000069264,49.5617284,13.94676
000069647,49.7463803,14.0197707
014803844,49.6561083,14.4206021
110450931,49.6958519,14.0517442
107820536,50.1600594,13.9012707
000068951,50.1043669,13.7332635
000068969,50.1528833,13.9010848
107820218,50.0407511,13.8810539
000069167,50.102083,13.7376409
060076135,48.9821945,14.4772357
060076101,48.9789062,14.4777918
060076062,49.2118375,14.4292219
062534408,48.8441486,14.6341201
060076046,48.9778234,14.471181
000582298,48.8421265,14.6388299
000666122,48.9723428,14.4795777
150004222,48.9763378,14.482658
045019517,48.9730795,14.5040873
250005476,48.9730795,14.5040873
060074302,48.9884439,14.4740586
060074281,48.9723428,14.4795777
060075775,48.9746987,14.4719714
110150309,48.9793268,14.4984379
060076089,48.979144,14.4696652
110150031,48.9527951,14.4672677
060075970,48.9700694,14.4783996
046681612,48.9984555,14.4466202
000583839,48.8177938,14.3095208
060084286,48.806086,14.3161877
041900995,48.9746086,14.4800624
181068745,48.9746085,14.4830613
000073041,49.1443265,15.003354
102403554,49.1476584,14.9993194
000367753,49.0063825,14.766037
000072966,49.1473158,15.0006886
102403562,49.0830907,15.4287394
102675511,49.0110682,14.7570467
107830299,49.0119008,14.7574288
107830302,49.0762686,15.4417674
000367761,49.5417578,15.35375
000072753,49.4289145,15.2215696
110033795,49.4319551,15.2280186
000073059,49.5379856,15.3531021
000072869,49.2995388,15.0760729
107830396,49.5414232,15.3608032
108054136,49.3056381,14.1521938
108054063,49.4530371,14.3621821
108054071,49.3067126,14.1520403
108054101,49.310657,14.1394984
108054098,49.310657,14.1394984
108054021,49.3192874,14.1627148
060096136,49.0099913,13.9967801
000477419,49.015191,13.9934421
102263663,49.0559259,13.7809805
108004481,49.060075,13.7766959
060650486,49.4269769,13.8690819
110021479,49.1475898,14.1728251
060446846,49.2640091,13.9005711
107830345,49.4198901,13.8782844
060650443,49.2654254,13.893624
060061863,49.4054536,14.6887115
060061812,49.4138096,14.6637929
060064765,49.2555682,14.7209981
060065303,49.4052155,14.6779137
000582875,49.4116177,14.6838431
181067978,49.4116177,14.6838431
060061855,49.1875807,14.6983869
060061880,49.300119,14.4726927
110400666,49.4050234,14.6797268
048342912,49.4419115,12.9256532
110026420,49.5564223,13.0717276
048342939,49.4395315,12.9275758
018230083,49.6372784,13.1553895
000519324,50.2166036,12.1941832
000478423,49.9732119,12.7016451
000076953,50.0763808,12.3626094
000077119,49.9622365,12.700095
108015769,50.0812741,12.3678354
102109401,50.0812741,12.3678354
000077127,50.3047661,12.9521365
000520055,50.2275993,12.8819661
049753789,50.2325042,12.8892626
000077224,50.2315461,12.8742583
000077135,50.2348665,12.8511784
049752391,50.2351294,12.8803256
042840431,50.2401076,12.8526779
000076970,50.2339833,12.887592
000077305,50.0924002,13.1627033
049753771,50.3026461,12.953508
110035381,50.2468913,12.8924013
000669725,50.2373306,12.8947871
000076996,49.3913801,13.2990088
000077143,49.4025427,13.2804561
000077003,49.234701,13.5212412
000077232,49.3973667,13.30404
107840294,49.3219112,13.7138551
107840308,49.2359712,13.5150061
000077313,49.3906773,13.3002193
049778137,49.7429574,13.3343136
000574406,49.7254308,13.3632464
049774301,49.7325412,13.4048558
049778099,49.7418128,13.3735874
049778102,49.7515047,13.4136132
049778145,49.739551,13.3874433
064353389,49.7446766,13.3701352
049778161,49.7412324,13.3729849
000520152,49.7252729,13.3644089
040527867,49.7393119,13.389282
049775961,49.770902,13.370677
181035081,49.770902,13.370677
049776541,49.7291752,13.371946
110037545,49.7584863,13.3088948
110034538,49.7463772,13.3503474
110100204,49.741406,13.3681712
000497061,49.8484888,13.3802038
049777149,49.7501603,13.3787598
049778064,49.73772,13.3716705
108005666,49.7248152,13.3509404
108005631,49.582957,13.5341308
108005640,49.586049,13.5358738
102276081,49.5859938,13.535503
108005623,49.6139003,13.6053572
181075075,49.738353,13.3962634
108032060,49.9354501,13.3953863
107840359,49.9806938,13.4866825
000479322,49.7461431,13.6007185
018242171,49.7456068,13.6014937
049767194,50.1761296,12.6405737
049790820,50.175928,12.6587191
102100675,49.759561,13.0009281
000479021,49.7994691,12.6305765
110017501,49.7108382,12.7771834
048326437,49.8676947,12.7374273
102464367,49.8696365,12.7355956
000077348,49.7541411,12.9975615
102145598,50.6953931,14.5483968
102145580,50.6667913,14.7289229
102145776,50.6862088,14.5338613
102133883,50.773805,14.4715425
102145571,50.6874629,14.533537
108029174,50.6998437,14.5381041
102133786,50.691605,14.5425225
108028917,50.6927068,14.5296063
047274719,51.0079851,14.4555188
110017919,50.9129438,14.61569
047274611,50.7806228,14.2168242
000497029,50.9536634,14.5557609
047274620,50.7804075,14.217691
018383874,50.8998576,14.6256363
047274654,50.769129,14.2366961
047274603,50.9521267,14.552082
000081825,50.4660378,13.420584
000081833,50.3802895,13.2721728
000082104,50.3783779,13.2696914
108030091,50.385496,13.1778892
107850079,50.5071428,13.4600099
000081850,50.7382313,15.3056613
000082121,50.6425701,15.2516488
000081841,50.7206613,15.1632438
102177368,50.74246,15.31432
107850753,50.7290638,15.1753863
107850214,50.7410388,15.1438124
000081973,50.9250195,15.081508
108030482,50.7604595,15.0675949
108030598,50.7823677,15.0579495
110028554,50.7566105,15.0565785
000081868,50.7710891,15.0346049
000082139,50.771186,15.054845
000082252,50.772834,15.0625337
000392642,50.7545351,15.0478661
110025202,50.7976384,15.0990056
107850389,50.7976384,15.0990056
102000930,50.7976384,15.0990056
107850532,50.9179151,15.0894513
110150058,50.7653125,15.0756808
108030717,50.7567993,15.0848537
000082015,50.4843926,14.1703109
108043690,50.5387255,14.1306238
110013204,50.5332065,14.1314741
108043738,50.540143,14.14129
107850541,50.3080868,13.9957872
000081876,50.5396183,14.1343599
000081990,50.4266896,14.2558495
110035798,50.426533,14.2584031
108043720,50.5335665,14.1363668
130000183,50.5378611,14.1335451
000081884,50.5129612,14.0491239
061357235,50.3545437,13.7970893
061357278,50.3217251,13.5457479
110032829,50.3317489,13.5436695
018380824,50.2265573,13.4038493
061357294,50.3209037,13.5460186
045708797,50.3301531,13.5390768
108040780,50.3301531,13.5390768
110018061,50.6003161,13.6027825
108006948,50.5140776,13.6406383
110020707,50.5976969,13.6078725
110018044,50.4931175,13.6314149
110000030,50.4931175,13.6314149
110034147,50.505233,13.6590327
108007057,50.4931175,13.6314149
108006930,50.4983119,13.6477676
108007014,50.505233,13.6590327
108007049,50.5031991,13.6582593
000081922,50.6373038,13.8220146
102000654,50.6661446,13.8023356
000082198,50.6044207,13.7463639
107850486,50.6827952,13.8500712
107850303,50.6491415,13.845813
107850427,50.6404067,13.8010993
000081931,50.6639411,14.0098379
000082201,50.6727454,14.0490292
014867362,50.6705618,14.0340484
047313129,50.6623388,14.0397761
000082627,50.6425733,13.9952435
102517576,50.6425639,13.9986713
000082287,50.6618436,14.0378299
102789207,50.6763401,14.0285418
110018095,50.6510851,14.0541427
102006881,49.609084,15.5802845
102006920,49.7168287,15.6729566
130002097,49.6945126,15.2788355
102018006,49.6026241,15.5791043
102006954,49.6034338,15.599181
011583771,50.2180929,15.8546661
012996050,50.2556768,15.8563213
011021420,50.203777,15.8344386
062690035,50.213737,15.8421556
062690043,50.2125705,15.8388175
062690060,50.208659,15.8255209
062690221,50.2439638,15.4815088
000527939,50.214433,15.8133746
062690272,50.2131149,15.8408115
110100867,50.1918255,15.849619
000087751,50.2390163,15.4898638
062062883,50.2111701,15.8382522
044445288,50.2184769,15.8550381
108007863,50.2089269,15.8020997
015062848,50.2048607,15.8335815
060103329,49.7670498,15.918817
060103345,49.9495138,15.7989125
060103337,49.9503327,15.78346
110020405,49.9455838,15.7904825
181034484,49.950366,15.7889317
015052796,49.8676588,15.5731674
015052591,49.951105,15.780225
000087131,50.4391145,15.3519049
000087513,50.434784,15.3527417
000087629,50.3302126,15.2708975
000401170,50.4960221,15.5103208
000087297,50.4388683,15.3499762
000087343,50.3630788,15.6317313
060115645,50.4406482,15.3461032
102266239,50.5850896,16.3307878
102266247,50.4135763,16.160515
102266255,50.3504225,15.9187563
107860601,50.3530051,15.92203
102101531,50.41912,16.172805
108024148,50.4209813,16.1647325
061222402,50.0256395,15.7691984
048161101,50.075095,15.9843838
048160989,50.0361003,15.7897238
048161209,50.0323734,15.7679485
048161161,50.0386167,15.776344
000087858,50.0577157,15.4870865
041263936,50.0241163,15.8321241
048161012,50.0367901,15.7887956
044434324,50.0338254,15.7903892
110032233,50.0440662,15.7488007
048161179,50.052752,15.7663143
000087840,50.0319481,15.4160098
046521798,50.0507802,15.7696991
015050670,50.0534803,15.7649202
062029754,50.0507802,15.7696991
012954691,50.0593838,15.6971562
060884762,50.2948143,16.1501546
060884703,50.1628466,16.280006
060884690,50.1191313,16.2108
060884711,50.1244311,16.2101497
060884746,50.2883102,16.1579154
102454311,50.5837121,15.1561717
102454345,50.590915,15.1615425
102454302,50.6058625,15.3348138
000401021,49.8692688,16.3076025
000194221,49.7127713,16.2696663
000087173,49.6310781,16.7078741
000401030,49.7584131,16.6594211
002518333,49.7572804,16.4646323
000087211,49.8729876,16.308745
110029470,49.7047701,16.2604975
015034496,49.7593309,16.6564512
015034569,49.7557217,16.4625676
047450827,49.8773394,16.1733579
000401048,49.7126351,16.2679438
060153393,50.4301276,15.8123363
060153237,50.5614488,15.9123
060153245,50.5410751,15.7257313
060153296,50.5957463,15.8791237
110037791,50.4334751,15.8108988
049314670,49.9043881,16.4438715
049314661,50.0015924,16.2248442
049314653,49.9124599,16.6106372
000401081,49.9716871,16.3969951
000401072,49.9524539,16.1578682
049314891,50.0855005,16.4649954
000087939,50.0838851,16.7225225
110011848,49.9509654,16.1588527
110032608,50.0353001,16.4998063
000087408,49.9741948,16.391189
000087670,49.9124356,16.6118541
110032110,49.9042866,16.4409096
000654949,50.0725869,16.4636367
000529842,49.9664573,16.4109325
049314912,50.0382731,16.4900965
102007926,49.360999,16.6466639
102007942,49.3516777,16.6563657
108028135,49.4128238,16.6369863
107870738,49.4892401,16.6642125
102104522,49.4041555,16.4119564
102007934,49.49124,16.65717
110250141,49.5429664,16.5716161
102007993,49.4889063,16.6571287
110000048,49.3592637,16.6476284
110027027,49.3703059,16.6446136
000532525,49.2022844,16.5737394
048513512,49.2469809,16.5782337
000558974,49.2120506,16.6326694
000558982,49.179903,16.595676
000558991,49.1904985,16.6201427
000559016,49.2226654,16.5914275
000559032,49.202061,16.6111559
000566381,49.2054951,16.5966266
048513423,49.2074874,16.6568509
060522321,49.2074874,16.6568509
110012453,49.2064102,16.5923349
000559008,49.2073996,16.5882971
000567582,49.2107773,16.5984811
062157884,49.217616,16.5532707
110025831,49.1949307,16.6123915
013064401,49.2005083,16.6008999
042660505,49.1925431,16.6361758
060723785,49.2244873,16.5976778
110012445,49.1826459,16.5624599
110012488,49.1838404,16.6334194
110012461,49.2013268,16.581007
048033413,49.1710219,16.5595604
060552255,49.1959917,16.6063351
108010015,49.2122149,16.6329192
000380385,49.2142567,16.5621091
000559466,49.2016421,16.6126468
000638013,49.1667041,16.5992493
044012667,49.2124626,16.6048443
000173843,49.1760244,16.5327228
000380431,49.1998425,16.6687894
060555211,49.2192429,16.5142429
044991517,49.1657845,16.5550638
046315284,49.1910514,16.596357
151028788,49.1910514,16.596357
000226467,49.2016421,16.6126468
062157264,49.2016421,16.6126468
000559415,49.2033383,16.5985305
000566756,49.2023154,16.6243166
040454525,49.1910514,16.596357
250003791,49.1910514,16.596357
060729937,49.2305464,16.6232172
102191573,49.1934743,16.3619819
107870762,49.3495138,16.4237671
102191531,49.3495138,16.4237671
107870312,49.3113387,16.5363211
102191557,49.1042984,16.3694105
108010112,49.1605232,16.7286093
102191565,49.349838,16.4264463
107870746,49.085519,16.6043854
108010228,49.0371907,16.6130175
108055710,48.9976733,16.8660397
000559083,48.9407523,16.7378434
000559091,48.8057832,16.6380974
110251059,48.7436451,16.75254
107870789,48.7634216,16.8872338
000559075,48.7558161,16.8901492
108055698,48.7590686,16.8868118
110000404,48.7512694,16.8954282
110014898,48.9445432,16.7355067
102319936,49.2172288,17.512265
108011020,49.0889594,17.874808
102319928,49.1403877,18.0050614
102319995,49.2201903,17.6517565
102319863,49.2182538,17.6923588
108011119,49.2191717,17.6670522
102319944,49.2220438,17.66506
110012356,49.2421463,17.6642375
107870321,49.2269475,17.6964449
107870479,49.2121514,17.5323507
107870568,49.2225458,17.6522678
181120941,49.2202038,17.6636763
108010848,49.223904,17.8441755
108040895,49.22434,17.5120338
107870801,49.1320247,18.0115829
000559148,49.0115951,17.1259146
000559156,48.8992765,17.3135528
000053155,48.9738616,17.2697645
000837733,48.9471549,17.3887813
000053163,49.0163219,17.1245582
110012275,48.9021577,17.3146551
000559130,48.8509482,17.1245442
000559539,48.8504842,17.1305127
000837385,48.8999266,17.3194088
108047741,49.3979984,15.5858251
108047750,49.1829643,15.44864
110012542,49.392467,15.5887173
108047920,49.3973348,15.5836852
108047792,49.4288242,15.598907
108047938,49.3990696,15.5906734
108047954,49.3951309,15.5651089
108047989,49.3996174,15.5905906
110036891,49.3612977,15.4906681
110034066,49.3691153,14.9642687
108047784,49.4055051,15.6205934
108047911,49.3923462,15.5872522
102519943,49.2971919,17.3900801
102519978,49.2953269,17.4075607
102531099,49.2962467,17.3938553
102142262,49.2997871,17.3915246
102519951,49.3286909,17.572632
102531064,49.4039604,17.6657637
102519986,49.3006481,17.379552
107870878,49.3017047,17.4026978
102531021,49.3014859,17.383001
110012569,49.5937963,16.8875475
110012577,49.5937963,16.8875475
103019715,49.4802878,17.1004979
103031651,49.4721487,17.1270251
103031642,49.4716511,17.1074192
103019731,49.4789904,17.1142314
108030814,49.4701417,17.1124424
181066939,49.4700855,17.1122012
047921838,49.4749213,17.1101883
110015037,49.4720606,17.1141758
110012186,49.4689662,17.1250087
110012216,49.4679092,17.1162297
110012224,49.4679092,17.1162297
110015061,49.469414,17.1184498
044065663,49.2138955,15.885973
044065485,49.0508174,15.814281
000559237,49.2146742,15.8809655
110012283,49.208114,15.8867499
000566900,49.2229745,15.8671343
000055069,49.0528207,15.8113769
000559628,49.2072599,15.894283
000559644,49.0658688,17.4623775
060371684,49.0710402,17.4628436
060371749,49.0640836,17.4667151
000055107,49.0291463,17.6415138
000838811,49.040635,17.8069163
047353872,49.0668551,17.4478213
060371731,49.0670668,17.4591972
060371757,49.0231743,17.6448822
014450437,49.0027626,17.650605
110500148,49.0804938,17.438305
060370009,49.0295076,17.4682625
110012305,49.0668551,17.4478213
060370505,49.0686588,17.4806364
102807655,49.2787367,16.9963749
102807647,49.1494108,17.0028292
107871173,49.2862604,17.0023146
102867097,48.8563286,16.0528946
107870959,48.8481041,16.069945
102867071,49.0498981,16.3094989
107870932,48.8554341,16.0489457
102867135,48.8563536,16.0459459
107870941,49.0979013,16.37403
110012364,48.8658847,16.0444112
108027457,49.5675742,15.9331527
102943508,49.3516738,16.020545
102943524,49.35614,15.9957625
110020553,49.5675742,15.9331527
102943541,49.5227713,16.2525563
102943494,49.5637575,16.0726538
102943516,49.5650582,15.9440925
102943559,49.5552108,15.931423
102943486,49.5177151,16.2582338
110026179,49.5664294,15.9321395
000601349,50.0939851,17.7012938
000601357,49.9898676,17.4625588
108012484,50.0908688,17.71337
000601292,50.0904401,17.693835
107880351,50.0874913,17.7116263
000601322,49.9898238,17.4662
000601331,49.9345907,17.2655108
107880610,50.1606313,17.575225
102020221,50.1660876,17.5744988
107880792,49.996215,17.4738313
000846881,49.6855718,18.3608173
110022289,49.6855718,18.3608173
000601403,49.5933188,18.3548963
000601390,49.6731888,18.6745763
013644301,49.6827988,18.3411813
000601411,49.6741813,18.338245
000601381,49.6727,18.3498063
045235708,49.6734228,18.3397133
110012291,49.6756126,18.6669875
045235686,49.6732713,18.3393325
049562339,49.7803963,18.2669059
060784024,49.6827988,18.3411813
060801743,49.6845263,18.3539075
060058871,49.8282744,18.2491037
000601527,49.905655,18.3637025
000601578,49.7420513,18.6155138
000601543,49.7854826,18.425015
000601535,49.8641738,18.52999
000601560,49.7436881,18.6256577
107880245,49.7951476,18.409105
000601519,49.8724656,18.4250057
000601489,49.7718563,18.4501275
000601501,49.7798413,18.4382688
060784733,49.8766788,18.428165
045162654,49.8440471,18.3153062
060337320,49.7412688,18.6141588
046580336,49.8646627,18.5509331
250003074,49.8646627,18.5509331
110017854,49.8958672,18.5477896
110025172,49.8666138,18.4435788
041691202,49.7770301,18.452215
110036611,49.8953825,18.346525
000601497,49.8619065,18.5501421
000601551,49.7758188,18.4602325
061988278,49.2207688,17.6631796
102244952,49.6403407,18.1403371
102244944,49.5445188,18.2052027
102244936,49.75931,18.0189488
107880377,49.5915407,18.1516935
108046141,49.7156388,18.0558588
102244928,49.5943373,18.0038419
102113611,49.6659414,17.8290523
107880369,49.5883609,18.0237612
107880873,49.6649563,17.8263813
102113556,49.7852454,18.1338837
110025580,49.5895913,17.9974319
000601799,49.6023768,17.2385017
000848956,49.5784838,17.2357395
000601781,49.5999766,17.2722293
000601764,49.7319976,17.3005975
000601756,49.7671522,17.1214437
110300572,49.6107046,17.2610931
000848794,49.732975,17.298705
000601748,49.5946786,17.2643213
014585235,49.6050498,17.2800969
061942839,49.9370113,17.9003925
000577448,49.5890111,17.2713411
000601730,49.7690713,17.1196963
000848875,49.7089513,17.0756213
013643606,49.5807374,17.2586467
000601721,49.5942,17.2460442
000601772,49.7017963,17.0809313
000602035,49.5767111,17.2782081
014451085,49.6029036,17.2780391
018468012,49.6124036,17.2249861
042064481,49.6439436,17.2315913
150076363,49.5717625,17.2596843
000844012,49.5898422,17.2728382
110036859,49.5572504,17.1415929
018468071,49.7700838,17.12521
110015070,49.5769926,17.4796175
000601918,49.8994926,18.1917113
000601870,49.93859,17.9089712
108035743,49.9383104,17.9094638
110012267,49.9220376,17.91471
000601853,49.9309726,17.8840675
000601926,49.9376563,17.9088888
000601896,49.9316938,17.9117663
110034635,49.927538,18.2733253
000601888,49.9359538,17.8988075
110012437,49.9190888,17.9162625
018054455,49.9306463,17.9118
000850047,49.8245824,18.1716168
000842745,49.7799149,18.2621342
000602094,49.8214461,18.1906339
000602159,49.84655,18.1733088
000842737,49.794306,18.2271819
000842753,49.8463317,18.3050347
000842761,49.8390866,18.2907671
000602060,49.7929843,18.2462437
048808865,49.8090338,18.2387047
000845388,49.8349533,18.1873753
110012151,49.828763,18.2494703
000602132,49.839151,18.2937286
110012160,49.6822843,18.5412827
000602051,49.8364163,18.2830311
000842702,49.8258843,18.1680873
000845329,49.8309001,18.1837538
046565507,49.8128671,18.2705248
000602086,49.830072,18.2496279
000602116,49.7991248,18.2408168
000602141,49.8093259,18.2730835
000845213,49.79895,18.2343016
000850365,49.7928073,18.234942
046610502,49.8394679,18.3460206
000602027,49.812272,18.2295676
000602124,49.7988863,18.2381446
110025148,49.8072456,18.2660878
000842851,49.5459638,17.7409813
000842940,49.5522275,17.7378988
000842885,49.4531884,17.446635
000842915,49.4508605,17.4493683
000099783,49.4641272,17.4571694
000842818,49.5942,17.2460442
000842907,49.529501,17.5863109
000842893,49.5523326,17.7294213
000842966,49.4511203,17.4502478
110012127,49.5285617,17.5889761
048729906,49.5409301,17.7395488
108013669,49.4253834,17.2825068
110012259,49.6032006,17.2373477
049558421,49.3499291,17.301776
102692254,49.774235,16.917775
102692165,49.8809325,16.8769275
102692181,49.9622575,16.9776113
102692190,49.9663024,16.9795617
108014193,49.7449432,16.9281353
102692220,49.9728865,16.9641776
102692262,49.9701756,16.9760025
107881004,49.8834101,16.889105
000843351,49.3378425,17.9942938
000843369,49.470716,17.9684957
000843474,49.4646138,18.1263188
000843491,49.468785,17.9759124
011179457,49.4730713,18.1606363
042797942,49.3414213,17.9994175
000843547,49.4611638,18.1389538
000843393,49.4664143,18.128996
000843407,49.3351135,18.0030772
013643878,49.3385425,17.9832825
000843504,49.477025,17.9734538
000845060,49.4761962,17.9794787
107880741,50.2394699,17.2111672
108014053,50.2241816,17.1918845
110027230,50.2269813,17.201645
102692173,50.2309322,17.2021878
150017090,49.2162533,17.8035414
150004451,49.5982991,17.2707804
110010116,50.0770556,14.4283903
110031067,50.0597022,14.4327389
110031008,50.0739283,14.4789566
110009487,49.9543712,14.0503775
110030729,50.1466665,14.0980563
110009819,50.0272349,15.1997361
110009967,50.3516929,14.4764021
110009975,50.4174565,14.9094604
110010043,50.1852052,15.0425859
110031105,49.6901444,14.0103663
110030494,48.9798441,14.456949
110500164,48.8061715,14.3158085
110009762,49.1470195,15.0025966
110010108,49.3097204,14.1443219
110010256,49.4092829,14.6740101
110009711,50.0787516,12.3664749
110030672,50.2274296,12.8766371
110030966,49.7690499,13.3602224
110009614,50.7725229,14.1997999
110010175,50.9522618,14.555379
110030745,50.7697743,15.0559113
110031229,50.6649112,14.0294434
110030559,49.6099521,15.5726018
110030591,50.2089092,15.8367414
110009754,49.95449,15.7919078
110030923,50.0223432,15.8053192
110010311,50.5889576,15.1674025
110010205,49.7572804,16.4646323
110010264,50.4781688,16.0902788
110010353,49.9727359,16.3987252
110009584,49.1972145,16.6046778
110030478,49.2044893,16.6231276
110009550,49.2026264,16.6011314
110009541,49.2010685,16.5973542
110031261,49.2247563,17.7025138
110009878,49.2910476,17.3813771
110010167,49.4744602,17.110847
110031300,48.8573277,16.0535918
110031334,49.5577261,15.939939
110009665,49.6860213,18.3529275
110009789,49.8547175,18.5504563
110010019,49.5933476,18.0083838
110030818,49.5963653,17.2452493
110010086,49.93736,17.8995313
110030893,49.816206,18.266106
110009681,49.5602775,17.74972
110010221,49.964818,16.9726432
000638323,50.0888639,14.4245479
110451015,50.1465065,14.1011925
060075104,48.9801912,14.4506419
108054080,49.3037286,14.1542224
108054110,49.3108152,14.1348426
000072818,49.0114684,14.0007021
060650770,49.1601383,14.1761053
060650494,49.1664511,13.8867227
060064790,49.4131483,14.667656
060064781,49.4131471,14.6686388
102133743,50.7621913,14.5461613
047274689,50.7834035,14.2139969
000082091,50.4578721,13.4145569
102047723,50.7255488,15.1704187
000082244,50.7255635,15.1713102
000082147,50.7733654,15.0648898
000082457,50.4325337,14.2547556
000392669,50.4578265,14.3798295
108006972,50.4989937,13.6337664
108021041,49.2207688,17.6631796
110030982,50.0880147,14.414638
047611162,50.0867662,14.4142151
110025741,50.0876704,14.4054786
060436107,50.0880174,14.4057385
151032688,50.0863447,14.4055893
110036166,50.0882677,14.3923286
048134546,50.0882677,14.3923286
102037884,50.0721301,14.4276112
110001699,50.0768394,14.443472
102037914,50.0768394,14.443472
000638226,50.0757088,14.4248073
110001711,50.0757088,14.4248073
048133035,50.0749322,14.4352116
045249750,49.9889431,14.411706
060436735,50.0656726,14.4205226
108056856,50.0716003,14.4382778
110035577,50.0867418,14.467106
110007646,50.0488394,14.3099324
102401489,50.025695,14.4569067
102113424,50.0315743,14.5250397
110034821,50.0315743,14.5250397
110035089,50.0113627,14.4436718
000638625,50.0272172,14.4570264
102401691,50.0706204,14.3819821
102401705,50.0432821,14.3194411
060461683,50.074413,14.3482527
150065591,50.0566662,14.3929699
048134058,50.0566662,14.3929699
102401641,50.0464078,14.4081776
060461969,50.1000998,14.3473394
181016117,50.0852426,14.3757533
102401098,50.0957401,14.3515423
110350260,50.0745424,14.3249774
102261466,50.1154949,14.4643266
102261571,50.1402036,14.4352071
102401420,50.127343,14.4235986
110000803,50.1294236,14.4193004
102301891,50.1219545,14.4861714
102349070,50.0533621,14.500709
110350413,50.028164,14.5162022
110032675,50.028164,14.5162022
150076339,50.0836602,14.4964202
102337993,50.0836602,14.4964202
181079607,50.0363343,14.595013
047607882,50.0363343,14.595013
110350651,50.0745692,14.4901573
102014116,49.5773964,14.5393796
102002878,49.7101688,14.8935238
110450353,49.6403425,14.6365075
151035709,49.9568899,14.0483917
002050943,49.9568899,14.0483917
002050960,49.8339091,13.9012866
110450493,49.876715,13.89359
181141957,50.2321617,14.0839373
102114013,50.2321617,14.0839373
108002586,50.1125951,14.2020363
110450060,50.1456963,13.9528063
102638519,50.1673851,14.110405
151035504,50.0738551,14.853387
002174791,50.0738551,14.853387
151015643,49.9903538,14.8601675
110001257,49.9903538,14.8601675
110001273,50.0027266,14.9733411
181024845,50.024888,15.207906
002174804,50.0938321,15.0351354
102238073,49.9141733,15.3931932
150067364,49.9505214,15.2722005
102238031,49.9505214,15.2722005
181008521,49.9081251,15.3905127
110450876,49.9507058,15.2681874
110450477,49.8821837,15.0609222
102338094,50.2868301,14.8371277
102338124,50.5241788,14.9830213
110450523,50.4206338,14.9054888
102650357,50.1440541,15.1389907
102650420,50.146756,15.1197533
181100291,50.2047904,14.8399127
102650411,50.2228867,14.8686274
102650438,50.2069307,15.2959514
102438722,49.9903048,14.6894967
102438749,50.1965289,14.6789618
108052991,49.9198294,14.6879971
108053008,49.9052861,14.5893984
110002156,49.933022,14.5085687
110000480,49.6607592,14.432799
181015706,50.100001,13.7412214
102602433,50.100001,13.7412214
150071329,48.8397016,14.6413055
060076518,48.8397016,14.6413055
110028538,48.9787869,14.4744559
107530961,48.9787869,14.4744559
060075856,48.9750956,14.4840504
110028350,48.9607991,14.4693996
060075945,49.2248702,14.4201204
150077084,48.9981504,14.4444047
110017820,48.9981504,14.4444047
102075441,48.8108207,14.3221063
102075476,48.7373714,14.4876463
150077971,49.1408451,14.9994681
108016811,49.1490737,15.0037936
108016820,49.079936,15.4364778
108016871,48.8792113,14.9329133
102175349,49.427243,15.2187553
108054195,49.3041776,14.1652964
110033698,49.3041776,14.1652964
102439184,49.404253,13.8860913
102439192,49.1478356,14.1722554
102351198,49.3969543,14.4811365
151027218,49.2636822,14.7054642
110018249,49.2636822,14.7054642
060061821,49.421655,14.6604125
000574961,49.5348561,12.9524128
102004463,49.5296909,12.9355831
102104069,50.2321753,12.8752203
108018423,50.3047681,12.9451663
000872326,50.2481021,12.831103
110037707,50.3629787,12.9299257
102164690,49.3975317,13.3068945
110031814,49.4474651,13.3543778
049777726,49.7502233,13.3793345
049777718,49.7244658,13.3751782
110031857,49.7603252,13.4165191
110031890,49.7520396,13.4220529
049774859,49.7429574,13.3343136
181077639,49.2296033,13.5254646
108005747,49.230101,13.5264445
108032019,49.7443583,13.3256024
110032004,49.7447989,13.3261023
048380261,49.9201921,13.6950276
102464332,49.7544805,12.9947835
102464359,49.7934111,12.6256333
102005745,50.7847501,14.63864
110012658,50.6998437,14.5381041
150068123,50.9802651,14.291775
110013107,50.982625,14.2891175
181080109,50.7782807,14.2182708
102577340,50.7782807,14.2182708
181042771,50.7985801,14.417615
102577421,50.7985801,14.417615
181025230,50.9515568,14.5557034
102577447,51.0057888,14.4578713
181142449,50.9103438,14.6273925
102577137,50.9487116,14.5474705
103017488,50.723575,15.1713938
102177520,50.7375238,15.2789063
102177490,50.7253451,15.162515
000082856,50.7842438,15.0773186
000082848,50.7748895,15.0513012
108030687,50.7580196,15.0426018
108030733,50.7609444,15.0761999
110008286,50.449641,14.374578
102317526,50.419943,14.2441878
110003152,50.3499525,13.8083325
108040771,50.3209722,13.5467679
062247859,50.3209722,13.5467679
061357286,49.5198118,13.5331949
181057522,50.6015669,13.6077564
110010795,50.6015669,13.6077564
108007022,50.5075213,13.6264962
110010680,50.4977393,13.652443
110010671,50.4977393,13.652443
102465789,50.6365615,13.810879
102465797,50.5425229,13.7735412
150059639,50.6315794,13.7133755
110036026,50.6050563,13.7493762
108019608,50.6050563,13.7493762
107568624,50.6617659,13.8461747
110017650,50.6434236,13.8412116
102000603,50.6434236,13.8412116
181023725,50.6805637,14.0290192
110003471,50.6812545,14.022362
151037388,49.7230748,15.6745067
102006814,49.7230748,15.6745067
181035898,49.6102089,15.5814804
102006792,49.6102089,15.5814804
102006750,49.6138034,15.567446
102078297,50.2003986,15.8269367
110011473,50.2102757,15.815565
048162485,50.2102757,15.815565
181073501,50.1995899,15.8142005
061223174,50.1995899,15.8142005
110013387,50.2022109,15.8330064
102078327,50.2022109,15.8330064
102078378,50.2436513,15.4939588
110013450,50.1840964,15.8376909
110013417,50.1840964,15.8376909
062690400,50.2276805,15.8666444
060103370,49.9555258,15.9914315
000087998,50.3679138,15.6283738
102206538,50.4293851,15.5867625
181093626,50.5802413,16.3416388
102266069,50.5802413,16.3416388
181064197,50.3571013,15.9283088
102718563,50.3571013,15.9283088
102730148,50.346645,16.1548325
150024762,50.3412563,16.1553413
103378031,50.4266565,15.87832
181083787,50.4157363,16.1679963
102266131,50.4157363,16.1679963
110000021,50.3526588,16.1447925
110011520,49.947267,16.1492159
046492101,49.947267,16.1492159
110013573,50.0452068,15.7947116
060158981,50.0452068,15.7947116
181007304,50.1657688,16.2697625
110003501,50.1652563,16.2744625
110003519,50.2893463,16.1555363
108009777,50.6017783,15.3222683
110013514,49.7605138,16.6625382
110013506,49.7601294,16.6626373
108034453,49.7089938,16.2662713
181068729,49.7590545,16.466374
110200012,49.7584961,16.4672231
102590168,50.6935744,15.7335607
181031574,50.5886063,15.883305
102590346,50.5886063,15.883305
102590257,50.4737663,16.0942438
181045231,50.6189055,15.6125726
110011791,50.5615038,15.9153925
102590176,50.6303881,15.6060483
060154021,50.5391976,15.7262275
102590320,50.5391976,15.7262275
049290274,50.6321638,15.7828113
108026761,50.4436076,15.8160213
060153351,50.4304838,15.8140925
102654158,49.9136218,16.6127582
000401871,50.0865821,16.4682122
102654182,50.0865821,16.4682122
181087511,49.9503651,16.1540224
108031233,49.9503651,16.1540224
181038897,49.9687627,16.3916689
108041689,50.0363728,16.4254779
102654140,50.0844288,16.7635175
102007853,49.3523243,16.6559095
150076983,49.4947638,16.6619663
102007870,49.491985,16.6602288
102104409,49.3576513,16.6500782
102007837,49.5631047,16.5044008
103019341,49.388153,16.7489318
110025334,49.5598075,16.424155
110300696,49.1829898,16.5946189
044993633,49.1829898,16.5946189
044991665,49.20597,16.6854877
181065983,49.20597,16.6854877
062157396,49.2256435,16.608074
110023234,49.1729779,16.6271256
062157655,49.2247902,16.6283721
102067902,49.1743893,16.5765726
150020091,49.202308,16.638722
110023196,49.2043717,16.6443368
108028411,49.2229093,16.5962495
048515027,49.2293378,16.624079
181120925,49.1888051,16.635777
062157299,49.1888051,16.635777
110300025,49.1955427,16.5711573
110023269,49.195071,16.5711912
110025857,49.1729779,16.6271256
044993668,49.2063074,16.6288791
062157787,49.1964677,16.5651655
103031383,49.1015981,16.3730501
102191506,49.1189875,16.5835972
110023676,48.9936682,16.5144768
150045395,48.9661279,16.8622133
102255903,48.9661279,16.8622133
102255938,48.8115039,16.6443156
102319677,49.2215051,17.8524125
110500644,49.2196763,17.6812263
103031464,49.2196763,17.6812263
102319707,49.218065,17.6508325
102319651,49.2121514,17.5323507
102319626,49.0738175,17.8898888
102319618,49.1130251,17.7627363
110023617,49.1409048,18.0075634
110023609,49.1083972,18.0531361
181079704,48.8574468,17.1081645
102391874,48.8579063,17.1082675
181077728,48.9484665,17.3870891
102391921,48.9493367,17.3759773
110022050,49.024342,17.1204801
110250907,49.0590827,17.2150066
102391904,49.0260708,17.1260626
110004663,49.2963261,17.3927014
110004680,49.4058617,17.6712482
110004736,49.2934164,17.3807886
108020860,49.300904,17.3774217
103031529,49.3276925,17.5700935
110004655,49.3287663,17.5712262
000840122,49.4703413,17.1121544
102591857,49.4703413,17.1121544
151037639,49.4165412,17.1390851
110008545,49.4665239,17.1120196
047443936,49.2148048,15.8912026
181025001,49.0525768,15.8092797
047443812,49.0525768,15.8092797
060371668,49.0688725,17.4645163
060371676,49.0400676,17.7994775
181127491,49.0321038,17.6430463
060371714,49.0321038,17.6430463
110037219,49.0649326,17.4634
181024888,49.2826704,16.9824031
110005201,49.2826704,16.9824031
110005007,48.8574022,16.0495551
103279717,48.8569479,16.0473427
181095971,49.5661501,16.07742
102943401,49.5661501,16.07742
102943397,49.5228563,16.2556463
150028393,49.3537726,16.0191975
102943427,49.3537726,16.0191975
102943389,49.2925638,16.223218
110023765,49.3641882,16.0850078
110023773,49.3641882,16.0850078
102020248,49.9336775,17.271735
102020167,49.9912863,17.4520588
181017067,49.8579663,18.5456963
102168181,49.8483138,18.5498975
110023498,49.7961925,18.4091888
000847895,49.7940876,18.412575
108022161,49.5946513,18.0140638
108022056,49.5928963,17.9935113
102113459,49.5455436,18.2137742
102113467,49.5910025,18.1417775
108046028,49.7884424,18.1254099
110023552,49.5895863,18.1406563
110008936,49.5963525,18.01711
102332037,49.6940338,17.0738762
108012832,49.5993103,17.2821392
102332088,49.7725288,17.1259837
000601691,49.6065988,17.2321767
108056848,49.6065988,17.2321767
181000890,49.5890836,17.2651193
000844071,49.5890836,17.2651193
049556088,49.57762,17.480145
000601683,49.5782646,17.2307185
110008952,49.5841201,17.1766134
110300165,49.5829182,17.2522093
110008448,49.5917983,17.2396146
110008421,49.5917983,17.2396146
110009029,49.7676538,17.1137613
110005996,49.8981288,18.1893175
110034333,49.9347101,17.8851588
000601837,49.9000731,18.1946997
108035905,49.9752032,17.7371352
110550889,49.7754201,17.7513588
000601985,49.8323888,18.180885
000601977,49.8312591,18.3039501
181119641,49.7880838,18.2516068
041035526,49.8315963,18.172276
102520241,49.8281601,18.1833932
102520739,49.7949765,18.2429123
000443093,49.8257428,18.2486649
048752479,49.7783873,18.2262961
013644319,49.8118529,18.2292978
000842800,49.1421614,16.8293197
102608679,49.3534682,17.296018
181087464,49.4583305,17.4491262
102608709,49.4583305,17.4491262
110008375,49.5533176,17.7279638
102608652,49.5529789,17.7304025
181023687,49.5267032,17.5824895
107880695,49.5267032,17.5824895
102680906,50.0328963,17.0386088
181059711,49.8870188,16.8677825
102844038,49.8870188,16.8677825
150069880,49.9648233,16.9693644
110551303,49.9612557,16.9705951
110008588,49.9699271,16.9671183
110550064,49.9703269,16.9708582
110008626,49.9698549,16.9706986
110025474,49.7801726,16.9273975
102780340,49.3162725,18.1453573
048739235,49.1814895,18.0621791
110022971,49.4665063,17.9749138
110022947,49.4665063,17.9749138
102780382,49.4583563,18.1356088
000843318,49.4786945,17.8154631
108014070,50.2277415,17.1983322
102020159,50.2521426,17.3908575
102856613,50.2282208,17.1381477
102680931,50.5626579,15.8217107
110351070,50.0604171,14.4251284
110032691,50.0624933,14.4220958
110001770,50.0703976,14.4375052
110011252,50.0362753,14.4591382
150072490,50.1183435,14.5053252
110026756,50.0676584,15.2727938
110027965,50.4083588,14.44952
181080206,50.1914272,15.0438224
110028058,50.1914272,15.0438224
110031512,50.2331113,14.0681125
108051749,49.7453263,14.1520289
110028376,48.9398656,14.424997
110150244,48.7695313,14.0342536
108017109,49.1490383,14.999082
110023901,49.2638791,15.2423677
110023897,49.2638791,15.2423677
110023927,49.3774129,14.9656019
150069685,49.5596804,12.7705851
110031601,49.5596804,12.7705851
110031954,49.7627873,13.3648329
110034791,49.8965745,13.6951978
181128039,49.8965745,13.6951978
110028724,50.7028038,14.8457288
110027744,50.9935277,14.5708119
110027752,50.7708303,14.192024
110027787,50.7371728,14.1917012
110021690,50.7617514,15.0553935
110021878,50.822625,14.9673163
108043801,50.4655493,13.9649487
150002785,50.4470634,13.2672404
150002769,50.4470634,13.2672404
110033809,50.2292216,13.411359
110031750,50.0910601,13.160209
110020634,50.5616039,13.8712576
110400178,50.5616039,13.8712576
110035356,50.2103192,15.8094442
110013654,49.9510888,15.7738934
110013662,50.1220213,16.2152763
110013638,50.5439988,15.726195
110013689,50.6178625,15.6130464
110029593,50.6586744,15.8199838
102590222,50.5869966,15.6643195
110035186,49.1922209,16.576138
110023048,49.4081553,15.5974714
110026985,49.3982163,17.682721
110022866,49.1417651,17.208871
181019621,49.1417651,17.208871
110023145,48.9824147,16.1502546
110023111,49.0448784,16.3148131
110023072,49.0448784,16.3148131
150033923,49.2509069,15.3203102
181020084,49.2505883,15.3211379
110022394,49.8540221,18.2780647
110022424,49.7545438,18.4907513
110022769,49.5925025,18.0063275
181124602,49.5925025,18.0063275
110022645,49.4675213,17.9706113
181056551,49.854252,18.2731247
110022084,49.4274099,17.5903359
110022131,49.5402197,17.4998163
150068191,49.977781,16.9834223
181002604,50.3117663,17.0985388
060436093,50.0880261,14.4053587
060436115,50.0919276,14.4197875
060436123,50.0804255,14.4160241
060436140,50.0797737,14.4233601
060436166,50.0918179,14.4321851
047609842,50.0727358,14.447018
047610859,50.0713164,14.4376334
047611928,50.0799545,14.4362426
048132926,50.0746282,14.4403955
048134201,50.0685628,14.4193848
049624911,50.0732346,14.4476308
102037671,50.0757096,14.4176429
047609737,50.0735887,14.4345131
047610361,50.0767681,14.4247783
047610425,50.0666893,14.4183735
045241155,50.0768621,14.4670446
045245088,50.0830245,14.4561348
045245754,50.0786557,14.4493448
102073309,50.0858321,14.4506116
102073368,50.087738,14.4623408
102073376,50.0937141,14.490745
102073261,50.0915817,14.4869156
102073406,50.0919899,14.3769006
102073414,50.0836763,14.4473781
048134236,50.0924488,14.4765728
047611413,50.0430052,14.4233372
049367463,50.0094812,14.4237765
045242810,50.0467785,14.4515221
045251436,50.0256122,14.4291367
047611642,50.0220903,14.4590895
048132900,50.0475491,14.4651837
049367609,50.007537,14.4042218
102101019,50.004484,14.4058183
102101132,50.0046331,14.4560625
102101256,50.0231486,14.4304232
102101302,50.0464854,14.4365044
102101329,50.0494828,14.4890837
102101388,50.0645021,14.4339557
102101396,50.0333367,14.5047624
102101418,50.0586963,14.4510345
102101477,50.0394971,14.4327109
102101523,50.0454615,14.4832998
102101701,50.0281809,14.5355526
102085986,49.992515,14.4655761
102385785,50.0522551,14.4500399
102385050,50.0371349,14.5032932
102113131,50.0299422,14.5133044
102113041,50.035097,14.5169983
047611456,50.0628258,14.4392199
102101167,50.0429996,14.4471693
102101272,50.0547324,14.4432443
102101311,50.0520862,14.4351215
102101507,50.0374358,14.4136596
102101001,49.9969001,14.5174033
102425094,50.0012299,14.432428
102401535,50.0318492,14.4816487
102385041,50.0080093,14.4510905
102101825,50.017563,14.4410381
102101779,50.0143912,14.4324708
048132306,50.0242026,14.4919964
048132802,50.0114539,14.4796747
102101591,50.057066,14.4222355
102101876,50.0234737,14.5176082
102113289,50.0336633,14.5317183
102385076,50.0124515,14.4232613
102385084,50.0094812,14.4237765
045240477,50.0450635,14.327357
048133485,50.0424952,14.3323516
048133604,50.0431421,14.3198133
102385190,49.9801865,14.358945
102385378,50.075832,14.4009829
108022862,50.0436335,14.3338758
102020442,50.0295893,14.3732108
044851987,50.0730392,14.3949029
047611219,50.0302183,14.3090275
062934309,50.038706,14.3437852
102161780,50.0525873,14.3455431
102161879,50.0482386,14.3703659
102385203,50.0732284,14.3562196
102385211,50.0761305,14.406623
102385238,50.020675,14.3547241
102385246,49.9608622,14.3569306
102385254,50.0732118,14.378154
102385289,50.0597126,14.3930359
102385351,49.974669,14.3932748
102385360,50.0505108,14.3130452
102385424,50.0659356,14.3988226
102385441,50.0121136,14.3860029
102385467,50.0697232,14.35526
102385483,50.0531508,14.3689203
102401624,50.0372592,14.3777547
102537259,50.0504752,14.3209692
108022854,50.0484558,14.3472988
108022871,50.0346912,14.3384152
108023036,50.0586365,14.288354
102201978,50.125184,14.3713464
048133876,50.0665447,14.3135755
060434651,50.1399631,14.3787803
048133809,50.0957401,14.3515423
048133833,50.1052953,14.3872213
102213054,50.0954361,14.3602902
048133795,50.0904025,14.3438691
049624521,50.0837115,14.3166634
048133850,50.107201,14.3982441
048133892,50.1053516,14.4023798
102213071,50.1009268,14.4006895
048133906,50.091556,14.3770352
048133761,50.0852426,14.3757533
048133787,50.1049507,14.3760901
048133779,50.0877396,14.3486519
048133817,50.0868746,14.3669479
048133914,50.0915445,14.3090023
049624539,50.1114143,14.3305511
102213020,50.0847115,14.3754738
048133884,50.0690432,14.3060296
060435216,50.1026494,14.4277667
061389820,50.1006476,14.4199456
061389838,50.1065972,14.4532069
062930958,50.0972144,14.430917
062930991,50.1019214,14.4475202
062931016,50.1085242,14.4487076
102237786,50.1173433,14.4229011
102261202,50.1313362,14.4692388
102261458,50.132862,14.4035535
102261423,50.1275911,14.4277385
102261156,50.1322338,14.4149697
102261415,50.1399398,14.4368451
102261300,50.0904188,14.4500446
102261253,50.1228256,14.4463758
102261172,50.1026919,14.4746861
102261385,50.1451982,14.4428475
102401501,50.1283623,14.4094352
102261181,50.1453789,14.4804495
102261334,50.123832,14.4597959
102261237,50.093923,14.4618969
102261229,50.1077075,14.4725773
102261245,50.1327833,14.4688992
102261326,50.1284167,14.4435573
102261261,50.1250841,14.4783455
102301646,50.1022222,14.5356841
102301760,50.0979528,14.5461304
108001296,50.104421,14.5831358
049369679,50.1302271,14.5106984
102301417,50.1467184,14.5806627
102301361,50.106591,14.6063086
102385874,50.1102805,14.6180545
102301476,50.1111796,14.59355
102301727,50.1339447,14.5451549
102301875,50.1377292,14.5066833
045246025,50.0889474,14.5825707
102301433,50.0805479,14.6165979
102301514,50.095162,14.6686683
102301841,50.1049156,14.5593594
102301689,50.1504971,14.5261087
102301328,50.0595266,14.6402269
045245525,50.1277102,14.4979022
045243590,50.1208816,14.486804
102301816,50.1190242,14.4913744
102301573,50.1059226,14.4834522
045243581,50.1090374,14.5045528
102761451,50.1042577,14.569515
045244570,50.1056247,14.5496926
047608579,50.0783678,14.6539932
102301450,50.1112559,14.6154161
102301557,50.1248103,14.5737391
102301786,50.135082,14.5111011
047611898,50.074111,14.5001522
047611073,50.0642142,14.5113167
047611057,50.0708981,14.4570406
047611171,50.0799247,14.4954364
048132012,50.0709941,14.506285
102337616,50.0583801,14.5082254
102337691,50.0721312,14.4726692
102337705,50.0688113,14.4746443
102337713,50.0706542,14.466723
102337756,50.0664974,14.4479097
047611014,50.0824869,14.4985173
047611871,50.0547494,14.4968263
047611880,50.0705894,14.492563
102337501,50.0372808,14.5556225
047609311,50.0471126,14.5618513
047609745,50.0405735,14.5625789
047609753,50.0403746,14.5506653
047611332,50.0502595,14.5212542
102337870,50.0493867,14.5378046
045242402,50.0361631,14.5956263
062933540,50.0309478,14.6028993
102337471,50.0593322,14.5585544
102337489,50.0137777,14.6265951
102337527,50.0707067,14.5516582
102337942,50.0631676,14.5908691
000232122,49.8444734,14.5247767
102002045,49.7213131,14.4755313
102002061,48.9848041,16.4023938
102002088,49.8061048,14.8015831
102002126,49.6342576,14.8440613
102002169,49.6668152,14.5778042
102002185,49.7830484,14.6824309
102002207,49.7807928,14.6881636
102002258,49.6251036,15.045529
102002274,49.8530601,14.703985
102002291,49.7911688,14.8750525
102002304,49.6721559,15.157366
102002312,49.8729023,14.8020685
102002398,49.8560083,14.557357
102002410,49.570689,14.6614051
102002436,49.60924,14.90751
102002461,49.818745,14.5206625
102002479,49.75644,14.5322975
102002517,49.8362888,14.677395
102002525,49.7292203,14.7816837
102002541,49.5727346,14.528171
102002550,49.7107988,15.0177
102002568,49.8292113,14.5947824
102002606,49.6966475,14.8896188
102002681,49.7113075,14.8966087
102002703,49.680519,14.9837444
108003931,49.8749913,14.6778038
102002037,49.7440999,14.8145778
102002223,49.7378188,14.6671713
151024138,49.7848288,14.6813738
102002771,49.7848288,14.6813738
002050382,49.8631347,13.8405766
002050391,49.992002,14.0477648
002050412,49.933809,14.1832917
002050439,49.9803951,13.9480013
002050447,49.819637,13.8585193
002050471,49.5094912,15.8702651
002050501,49.9931657,14.2068864
002050510,49.9613489,13.9706466
002050536,50.0274775,14.0736772
002050544,49.9993513,14.0019474
002050552,49.8443729,14.0839129
002050561,49.867291,13.9292326
002050579,49.9617129,14.0670972
002050633,49.9662638,14.0713507
002050692,49.8512488,13.8291688
002050765,49.9051995,14.1477191
002050790,49.8422832,13.9665265
002050803,49.8953539,14.0566059
002050838,49.7743483,13.8407172
002121468,49.9147177,14.2097029
002121476,49.8509238,14.0278187
002962683,49.9364813,14.1362675
047514213,49.8754546,13.892327
047515597,49.8363206,13.9099874
047515601,49.835017,13.9056835
047515767,49.9670139,14.0819091
047515775,49.9586358,14.0580567
047515911,49.9506888,13.8530163
047558156,49.94183,14.0257188
047558229,49.9477054,14.0308678
047559217,49.9954546,14.1531852
102086893,50.1397476,14.06888
102086656,50.1140551,14.1286438
102086915,50.1341251,14.1165686
102086940,50.134361,14.1173204
102086966,50.1425029,14.1186941
102086648,50.0672525,14.0126475
102086664,50.0981626,14.008095
102086672,50.1969164,14.2489388
102086699,50.3270844,14.0171407
102086702,50.1097313,14.0692525
102086711,50.0638563,14.1544325
102086737,50.1987683,14.2234016
102086745,50.309352,14.1570451
102086761,50.1183151,14.0433225
102086796,50.1367051,14.1658625
102086818,50.1042738,14.0457312
102086826,50.3011407,14.2024937
102086842,50.2115599,14.2729214
102102007,50.1666211,14.0981321
102102074,50.13987,14.1008981
102102121,50.2360513,14.086865
102102147,50.2333751,14.0844475
102102163,50.2273725,14.0708088
102102180,50.1707009,14.1134657
102102236,50.1425025,14.0709775
102102317,50.1888763,14.1569513
102102350,50.1581982,14.1860651
102102392,50.1288025,14.0224438
102102414,50.2945676,13.990355
102102457,50.2580504,14.0023188
102102473,50.1671801,14.0582325
102102503,50.1937774,14.1178179
102102520,50.1859288,14.041445
102102601,50.2808363,14.2386306
102102651,50.1766001,14.0887575
102102694,50.2311516,14.1822066
102102716,50.2829834,14.092983
102102791,50.1336263,13.9922488
102102856,50.1385353,14.076984
102102872,50.1415578,14.0948853
102102899,50.1416888,14.0926663
102102953,50.1322957,14.1293261
102638390,50.1293494,14.1243602
108002420,49.0165114,16.023131
102086729,50.1744233,14.1889277
102086770,50.1654063,13.986525
108002624,50.13678,14.1345046
045831114,50.0893029,15.0271908
102386404,50.1070448,14.9141221
108003221,50.1106358,15.0618622
002174103,49.9567079,15.0798106
002174316,49.9194441,14.9597072
002174260,50.0660663,15.3688644
002174278,50.0700642,15.0124415
046390367,50.0241049,15.1946439
048663620,50.0212578,15.2032319
048663786,50.0231512,15.1957128
048663794,50.0314983,15.2065323
048663808,50.0220563,15.2018946
046390413,50.0373516,15.1866686
002174561,49.9929853,14.8599607
002174588,50.001139,14.9735558
002174308,50.0084861,15.2925843
002174693,50.041186,15.3585803
002174723,50.0604399,15.1158534
002174758,49.9548838,15.0307782
002174766,50.1307478,15.3982814
046390529,50.0997253,15.1888864
002174235,50.0846587,14.7695513
002174189,50.0541139,14.8785815
002174341,49.8975964,14.8459816
046383433,50.0502421,15.0310792
002174171,50.0635437,15.2403072
002174367,49.9799813,15.2132093
046383506,50.0761536,14.8513931
046383514,50.074065,14.8543411
002174111,49.7920513,14.5819263
002174243,50.0669291,15.177978
002638436,50.0676584,15.2727938
048663638,50.0264299,15.19672
002174251,50.0306389,14.914654
102226253,49.9564856,15.4910222
102226261,49.9456022,15.3350478
102226270,49.9493549,15.3944503
102226288,49.8888956,15.3503023
102226296,49.9072397,15.2627076
102226318,49.8063841,15.403119
102226334,50.0253563,15.3499575
102226342,49.1552431,16.3495114
102226377,49.911273,15.2228933
102226440,49.9523833,15.2734141
102226466,49.9448745,15.2614647
102226491,49.9105424,15.3897136
102226521,49.9132927,15.3908461
102226563,49.8346103,15.2533327
102226598,49.7776073,15.0285333
102226610,49.9709926,15.3228637
102226628,49.8713451,15.4219068
102226717,49.8761504,14.9024119
102226733,50.1319506,14.3841687
102226776,49.8813101,15.0622936
102226857,49.9243538,15.4663663
102226890,49.8119306,15.1836362
102226903,49.7478583,15.0962355
102226997,49.8896338,15.4879413
108032922,49.7313038,15.1747888
102226971,49.9746863,15.40066
047009098,50.2414785,14.3130032
047011319,50.3539442,14.4741578
047011327,50.350299,14.475936
047011335,50.3729384,14.4666949
047011343,50.345708,14.4831905
047011351,50.3628806,14.4728902
049516256,50.2518163,14.5176025
102274533,50.2327384,14.3426797
102274541,50.3409474,14.2944669
102274550,50.3324672,14.5295783
102274568,50.351048,14.6912626
102274576,50.3903042,14.5907918
102274584,50.2613838,14.299155
102274606,50.259663,14.6159566
102274622,50.3665888,14.6349388
102274631,50.3443122,14.517392
102274657,50.3171687,14.3619966
102274681,50.220756,14.6268583
102274703,50.4237459,14.464708
102274711,50.3722514,14.3981336
102274720,50.2577101,14.6472013
102274738,50.4242442,14.3898838
102274746,50.3448171,14.4641763
102274754,50.233045,14.2919142
102274771,50.2562426,14.5581125
102274797,50.2827525,14.5929525
102274819,49.5604374,15.620209
102274843,50.3124707,14.6119831
102274851,50.39209,14.4495
102274886,50.2304976,14.5881188
102274932,50.2388698,14.2990445
102274941,50.2494609,14.3088531
102274959,50.244637,14.3211657
102274967,50.4112476,14.4460138
102274975,50.32041,14.4013738
102286060,50.4376,14.6391688
102286141,50.2541588,14.51079
102286159,50.2946317,14.4776925
102286167,50.2692813,14.3246439
108029611,50.2765385,14.4984615
108029646,50.2942063,14.6192788
108029654,50.2547479,14.3783592
102274649,50.2973263,14.396987
102274789,50.3087917,14.5014843
047011297,50.3501883,14.4764237
102286183,50.2416962,14.3114581
181080168,50.2559913,14.4980775
102286205,50.2559913,14.4980775
102326461,50.4727228,14.8447762
102326509,50.337245,14.8001913
102326525,50.5234762,14.9450096
102326533,50.2573221,14.6991123
102326541,50.2565592,14.7887871
102326550,50.2220454,14.7612249
102326576,50.5432233,15.0815718
102326584,50.446305,14.7775188
102326592,50.3726774,14.8629889
102326606,50.425687,14.8799331
102326614,50.4796263,14.9355313
102326631,50.5067322,14.7954405
102326657,50.2918163,14.8241363
102326673,50.2867503,14.8298809
102326690,50.3692268,14.7968766
102326720,50.3337975,14.8677549
102326746,50.4033015,15.0182423
102326754,50.2723663,14.9422388
102326762,50.3702913,14.95885
102326789,50.4382113,15.1281975
102326797,50.3084673,14.733144
102326819,50.4888488,15.04014
102326843,50.3210851,14.9381512
102326860,50.4126363,14.9047266
102326886,50.4132261,14.9038061
102326908,50.4131538,14.9181113
102326916,50.4082054,14.904543
102326924,50.4342647,14.9097714
102326941,50.412679,14.9279771
102326959,50.4248358,14.9043367
102326967,50.4462738,14.887795
102338001,50.5246325,14.9763713
102338035,50.3684014,15.0067462
102338043,50.4271222,14.7590293
102638268,50.4259921,14.9046909
102638276,50.4403865,14.9244796
108022421,50.5546577,14.9473002
108022439,50.5624653,15.0168588
000498483,50.1509779,15.1345675
045831688,50.127156,15.1799473
102374953,50.1825134,14.9615183
102386439,50.3053823,15.1669055
102374805,50.1805206,15.1193324
002002621,50.093387,14.9779037
047528800,50.1452337,15.1154143
102386170,50.2279175,14.8861397
102374937,50.2503343,15.2071131
002002639,50.1860412,14.8532667
002002795,50.1445439,14.9190483
045832188,50.1362338,14.9868085
102374724,50.1857804,15.3338399
102374767,50.2572113,15.3353585
102374791,50.2358364,15.022016
102374813,50.2839482,15.0201294
102374821,50.1739861,15.2578321
102374830,50.251146,15.0940447
102374899,50.1356294,15.29057
102386013,50.2676831,15.1326473
102386072,50.2041286,14.8394264
102386153,50.2069307,15.2959514
102386188,50.1884952,15.0271753
102386251,50.1902712,15.0411731
108003213,50.2470757,15.2855208
002962772,50.2335787,14.9592384
102374732,50.2161126,15.0571447
102374775,50.1292662,15.0242015
102374996,50.1091982,14.8549955
102386234,50.1843089,15.0399956
102386455,50.1643049,14.8748605
002962756,50.1496656,15.039817
102374741,50.2010799,15.0923212
102374759,50.2116956,14.9951313
102374783,50.1693903,15.0709313
102386099,50.2047904,14.8399127
181066807,50.1810333,14.5189676
181111608,50.0633975,14.6659838
181083779,50.140523,14.6104435
181127202,49.9705146,14.5909458
181147246,49.9519188,14.6833738
102438366,50.1952451,14.6777644
102638489,50.1893399,14.6550298
108003884,50.1849705,14.6639996
108003892,50.1613674,14.7494825
102438005,50.0022451,14.5834088
102438056,50.1198043,14.6934443
102438064,50.2381138,14.5085575
102438099,50.142265,14.7981525
102426996,50.1831332,14.5873213
102438153,50.1924353,14.5576742
102438218,50.1763438,14.5580238
102438102,50.1314804,14.7247195
102438030,50.1701563,14.363755
102438188,50.1120438,14.6828163
102438251,50.1675765,14.4367883
108003906,50.1655363,14.7532613
102438013,50.1677519,14.62822
102438072,49.90702,14.5572275
102438081,49.9111888,14.7164888
102438137,49.8951263,14.7219674
102438170,49.9470086,14.674952
102438200,50.1693063,14.7156788
102438269,50.133285,14.6633313
102438331,50.0464213,14.73343
102438439,50.1756713,14.4117052
250002019,49.9342925,14.7133363
102438463,49.9366776,14.71062
102438471,49.9924202,14.7431786
102438480,50.2290038,14.41313
102438552,49.991785,14.653495
102438595,49.9980097,14.6696438
102438650,49.922905,14.6392739
108003612,50.2144188,14.4400513
108003621,49.9704851,14.69352
108003914,49.9015288,14.58231
108003949,50.0742058,14.730251
108003922,50.1926625,14.4951625
102438811,49.9937065,14.6619018
181127512,49.9227158,14.2490052
181077418,50.1514175,14.3527688
000233871,50.0113475,14.2456688
000235059,50.0412781,14.186546
000241148,49.8633475,14.3143596
000241181,49.9269301,14.2752125
000241199,50.2211839,14.3486299
000241202,49.964555,14.461135
000241229,50.1319441,14.3377017
000241237,50.0801334,14.2515924
000241245,49.867762,14.4133123
000241288,50.0467378,14.2623751
000241296,50.0605821,14.2293275
000241300,50.0885188,14.2142538
000241318,49.9718101,14.5125292
000241326,49.8977148,14.4856476
000241342,50.0330838,14.2696188
000241351,49.8628658,14.5032485
000241385,49.986629,14.325167
000241407,50.1989405,14.3639191
000241440,49.8891523,14.3184732
000241512,50.0195663,14.2959038
000241563,50.0038113,14.5566613
000241610,50.1622525,14.3696676
000241636,49.9139078,14.2358508
000241695,50.1319317,14.2348963
000241725,49.84954,14.4071988
000241741,49.9738438,14.2914463
000241750,50.1358884,14.2823337
000241806,50.1602871,14.3112846
000241831,49.9370002,14.3783471
000241873,49.9587551,14.4806588
000241890,49.9331225,14.4178713
102638411,49.9459399,14.3265261
000233668,50.0185263,14.2301238
000233773,50.0299075,14.2229288
000241156,49.8925438,14.4005018
000241652,49.8153083,14.3961185
000242748,49.8632128,14.2645861
102486514,49.8653026,14.2656825
102486531,50.0256688,14.2122
114001251,49.6555138,13.943888
114001286,49.5598627,13.946662
114001341,49.7808441,14.1722386
114001383,49.7788119,14.1732919
114001405,49.6572277,14.170248
114001421,49.5284064,13.8055896
114001448,49.6985855,14.3707468
114001472,50.0984577,13.4717743
114001499,49.5772729,14.0721076
114001545,49.6501265,14.2418798
114001596,49.6046057,14.2774188
114001626,49.6321402,14.0412044
114001651,49.6984409,14.2340341
114001685,49.7161387,13.9470823
114001740,49.5960104,14.3808398
114001774,49.6886919,14.0186036
114001821,49.683579,13.9901626
114001855,49.6901444,14.0103663
114001871,49.6815319,13.9966811
114001936,49.6721458,13.9968288
114001987,49.6059823,13.8689433
114002002,49.6567415,14.4265099
114002029,49.6564681,14.4227112
114002045,49.6709989,14.3640927
114002061,49.8096937,14.2786253
114002070,49.797235,14.2553938
114002100,49.8313396,14.2755129
114002126,49.7453263,14.1520289
114002142,49.7452934,14.0579293
114002169,49.7727981,14.1168439
114002185,49.6173212,14.1957793
114002207,49.7819239,14.1993597
114002223,49.5954836,13.9923999
114002240,49.7056965,14.1452026
114002568,49.7463803,14.0197707
114002584,49.576544,14.3965616
114002592,49.7242256,14.0824848
114002614,49.6152483,13.8242156
114002631,49.6538492,14.4723643
114001511,49.7892139,13.9767376
114001570,49.5531278,14.2120254
114001707,49.5540657,14.3377897
114002266,49.6176522,14.3897618
114002665,49.7882438,14.2930059
114002347,49.7836912,14.1751419
114002363,49.6059823,13.8689433
102602204,50.1528833,13.9010848
102586888,49.7920513,14.5819263
102586896,50.1745951,13.7749255
102586900,50.1470022,13.7411981
102586926,49.4377404,15.2731516
102586951,50.0974594,13.6536313
102586985,50.0407878,13.9210061
102602018,50.0559879,13.7363604
102602026,50.1396411,13.610276
102602042,50.0285682,13.5687682
102602051,50.0940171,13.4666961
102602077,50.2128726,13.6750935
102602085,50.0407511,13.8810539
102602093,50.1260676,13.9521163
102602107,50.1258559,13.7704021
102602166,50.1936156,13.7054549
102602263,50.1048989,13.7329837
102602310,50.0945861,13.7325594
102602379,49.9996689,13.7126135
102602395,48.8009508,16.3782588
102638331,50.1608299,14.3824148
102638349,50.0772468,13.7005622
102586870,49.9086669,13.9140704
102602069,50.146038,13.6379802
102602239,50.1054986,13.7320051
181110873,48.9549219,14.5298485
000581551,48.9863994,14.4316421
000581585,48.9866133,14.4331964
000581623,49.0657243,14.3667606
000581658,48.8437635,14.634057
107720043,49.0147502,14.4767801
107720086,48.9581613,14.4902531
107720191,48.9851057,14.5124441
107720213,48.8986935,14.639585
107720418,48.8963445,14.4500556
107720426,48.9333894,14.6195978
000581542,48.963536,14.467488
000581577,48.980794,14.4666867
000581631,48.966008,14.4735081
000666131,48.9925028,14.4520089
060076909,49.220086,14.4183945
060077034,49.2220945,14.4235142
060077093,48.9856092,14.4483683
060077212,48.9502653,14.4689775
060077417,48.9790182,14.4771413
102023492,49.2042195,14.510475
107720230,48.9704482,14.4779938
107720299,48.9863115,14.4652937
107720485,48.9667519,14.50802
000583596,48.7872248,14.5494499
000583634,48.7394782,14.4860755
000583642,48.7738157,14.2884131
000583651,48.686109,14.5767794
000583669,48.738817,14.484938
000583677,48.6204563,14.2574142
000583685,48.8215868,14.321063
000583693,48.8165016,14.3147895
000583731,48.8089633,14.3154414
000583740,48.8009534,14.3126844
000583791,49.2495528,13.7072713
060084316,48.8540143,14.2111405
060084391,48.6132415,14.3113029
060084731,48.7639964,14.0302681
107720574,48.85529,14.4100298
107720612,48.6387387,14.2295908
107720647,48.7817136,14.3525255
108023362,48.7944949,14.40723
000245950,48.9040757,14.3099493
000246174,48.828833,14.4591935
000583588,50.0004432,15.5561855
000583766,48.7294146,14.6270669
107720779,48.6041334,14.4053244
102003441,49.0687044,14.7550345
107720931,49.2150824,14.9597777
107720949,48.9607055,14.8613101
107720990,49.003459,15.2538588
107721031,49.5363699,15.9123172
107721040,48.7705114,14.971154
107721058,49.0680743,15.324757
107721066,49.0830907,15.4287394
107721074,49.0814102,15.4325575
107721104,48.9633562,14.931019
107721121,49.1462313,15.0011575
107721147,49.1393719,15.0156271
107721171,49.1219505,15.1907368
107721201,49.243029,15.075327
107721210,48.8792113,14.9329133
107721252,49.1627544,15.2018999
107721279,48.8914893,14.8785848
107721287,49.0162424,14.7440261
107721295,49.0053686,14.7658953
102451958,49.4355758,15.2089881
107721317,49.3077967,15.1802888
107721325,49.565649,15.3792487
107721333,50.253211,14.8409386
107721368,49.4377404,15.2731516
107721414,49.3707245,14.9671437
107721431,49.3222099,15.3241951
107721457,49.5386028,15.3530641
107721473,49.3036941,15.0751611
107721481,49.5583099,15.1161555
107721503,49.4168435,15.1167915
107721511,49.3834031,15.3660471
107721520,49.4184894,14.9419153
107721538,49.4725031,15.0024235
107721554,49.4286589,15.2186228
107721562,49.4277899,15.2182907
107721571,49.4331101,15.2187971
107721589,49.2605176,15.2376896
107721597,49.5690665,15.1980095
107721601,49.4292671,15.3643976
107721619,49.5375593,15.2327361
107721627,49.2544164,15.1887501
108024491,49.5421116,15.3652569
108053733,49.2558746,14.3080398
108053741,49.3692185,14.3825413
108053768,49.523455,14.4275682
108053822,49.510657,14.1647359
108053831,49.304526,14.1600994
108053849,49.3111847,14.1584021
108053865,49.3101024,14.140557
108053873,49.3040056,14.150896
108053881,49.304526,14.1600994
108053890,49.3107466,14.1512377
108053903,49.196421,14.2142139
108053938,49.3568245,14.0929462
000583278,49.0236074,13.996918
047258721,49.0830889,13.9568797
107722101,49.0158157,14.0042866
000583391,48.909836,13.8823695
047259132,49.0548269,13.7790874
047259477,49.0604032,13.7785859
107722071,48.992766,14.1502605
107722089,49.048927,14.1980029
107722097,49.0079852,13.9943241
000583367,49.1017923,13.666585
000583383,49.0845637,13.6973767
047258365,49.052062,13.9818829
107722020,49.0463112,14.0738386
107722054,49.1150268,13.8290588
107722135,49.1368624,13.729106
102515506,48.9425962,13.9785303
107722291,49.2152308,14.0285653
047255838,49.2577643,13.9097049
047255862,49.2667138,13.8980602
047255897,49.264901,13.8999544
107722232,49.2495846,13.9184798
107722241,49.2975948,13.7559554
107722275,49.4258785,13.8842456
107722283,49.4284808,13.8787434
107722305,49.1675035,13.8036763
110021461,49.1465453,14.1677381
107722399,49.1482682,14.1738827
107722429,49.1698593,13.8855723
000582581,49.4865972,14.5237825
000582590,49.4134672,14.6557877
000582620,49.3802698,14.7056531
000582671,49.4078855,14.8122656
000582701,49.1880412,14.712083
000582719,49.1866201,14.6973838
000582727,49.3517504,14.7032366
000582786,49.259407,14.7193304
000582824,49.3969543,14.4811365
000582859,49.423292,14.6498071
047268034,49.332941,14.838389
060062011,49.289933,14.5385993
107721791,49.5007167,14.4766039
107722445,49.2975122,14.4705343
107722542,49.3853949,14.685052
107722551,49.8153083,14.3961185
107722593,49.2993632,14.4703776
107722623,49.4770409,14.67617
107722666,49.363399,14.578523
107722674,49.5330111,14.8108682
107722712,49.3814371,14.7035802
107722780,49.4087411,14.6763741
107722828,49.3864211,14.6894994
000582841,49.2559694,14.7204461
107722500,49.8957955,15.1508394
107722836,49.2913352,14.8034543
048342165,49.5922915,13.1063896
048342301,49.4420165,12.9293348
102004102,49.4022759,13.0025917
102004111,49.5061166,12.8807083
102004200,49.8417849,13.229176
102004242,49.4392632,12.9232595
102004323,49.5607595,12.7665774
102004331,49.3903,13.0385918
102004366,49.4881377,13.1130909
102004404,49.5524681,13.0743866
108005224,49.3910021,13.0392655
102004129,49.465949,12.9823129
102004081,49.4178263,12.8301371
102004145,49.5132558,13.0469479
102004153,49.3434123,13.1334902
102004315,49.5318675,12.9367191
102004382,49.4034839,12.9514761
102004391,49.5100226,12.8054869
102004439,49.4392632,12.9232595
102516570,50.2170484,12.4455324
102040745,49.4097025,17.6142916
102040761,50.1560422,12.4531903
102040788,49.9370357,12.6640279
102040796,50.0751634,12.3696954
102040800,50.0871794,12.3747837
102040826,50.0781331,12.3659736
102040842,50.0656352,12.3721566
102040869,50.0725922,12.3748299
102040877,50.0752883,12.3544316
102040931,50.2220922,12.1914305
102040940,50.2174152,12.2024947
102040958,50.2210871,12.1793172
102052026,50.1246342,12.3431933
102052042,50.1563411,12.2723776
102052069,50.306835,12.1784407
102052093,50.0069093,12.6266052
102052107,50.2558635,12.404324
102052131,49.9627554,12.6988567
102052174,49.9527951,12.708397
102052239,50.1729296,12.3606881
102516634,49.9623029,12.6657804
102516642,50.1503227,15.5305626
115100342,50.128229,12.230966
102052000,50.0179426,12.5510087
102052212,50.2221557,12.348268
110100689,50.2281181,12.183482
102052344,50.2281181,12.183482
102052379,49.9495034,12.6848863
102052328,50.0805998,12.3711666
000872296,50.2214818,12.8879146
000872334,50.1874344,12.9033343
047701412,50.0876525,13.1589396
047701617,50.3656857,12.7837075
049753347,50.3059479,12.945031
049753363,50.3084263,12.9527788
049753371,50.3119945,12.9510599
049753754,50.2389903,12.8522108
102088110,50.070886,12.9550259
102088136,50.4281616,12.7364792
102088161,50.1739388,13.2552282
102088322,50.058203,13.1141659
102088381,50.3121533,12.8710608
102088403,50.3634587,12.930673
102088420,50.2369312,12.8864095
102088471,50.2268157,12.8362431
102088519,50.2255864,12.8523608
102088527,50.2280212,12.8639256
102088578,50.249885,12.8967088
102088764,50.3194079,12.7459654
102088781,50.2709127,12.78358
102088977,50.0576008,12.9908002
102516979,50.1059171,13.2523132
102516987,50.1489797,13.0432974
102564205,49.5604916,13.1980396
102988978,50.2579445,12.7689068
049751751,50.2414271,12.8352748
102088632,50.2389409,12.8655761
102088187,50.3684324,12.81534
102088730,50.3221906,12.7300601
102516847,50.2588112,13.0002774
102516961,50.0827814,12.8383663
115200584,50.2328006,12.8614469
102516839,50.0576008,12.9908002
115200525,50.2338463,12.8833248
102152845,49.4098927,13.3616056
102152900,48.7731024,16.2717745
102164061,49.2672261,13.6278449
102164266,49.3938151,13.3038225
102164274,49.39568,13.3051539
102164282,49.3909405,13.298019
102164304,49.3959089,13.2766309
102164380,49.3214751,13.7054112
102164398,49.3241245,13.6969058
102164436,49.3485553,13.2140323
102164452,49.2989476,13.4390008
102164487,49.2901948,13.1372018
102164495,49.2926326,13.1468384
102164525,49.3728987,13.6327293
102164584,49.231073,13.5246999
102164649,49.137766,13.2288072
102564540,49.2332874,13.5176265
049777548,49.7424985,13.3244543
049777581,49.7740349,13.377008
102228019,49.7247778,13.3723237
102228132,49.7375587,13.3798552
102228264,49.7691035,13.3709472
102228329,49.7427626,13.3763603
102228337,49.759564,13.4189972
102228396,49.7228295,13.4033754
049777505,49.7621933,13.3529196
102216967,49.7312028,13.4187099
102216983,49.6967119,13.4179475
049777521,49.7810977,13.3794591
049777530,49.7781651,13.3630018
102216975,49.763824,13.4376577
102228141,49.7322253,13.3720546
102228159,49.7289438,13.4049486
102228167,49.7378563,13.3968606
102228221,49.7543768,13.3779101
102228345,49.750455,13.4194031
102228388,49.7349259,13.3927603
102228418,49.7450673,13.4100031
115400451,49.7542112,13.306916
102228035,49.7362121,13.3647407
102228299,49.7774414,13.3710132
102228361,49.7261443,13.40186
102228027,49.700189,13.3524545
102264872,49.563119,13.1984326
102264643,49.7072278,15.2954608
102264708,49.5801641,13.4170696
102264716,49.6927594,13.4891988
102264724,49.6774301,13.5024919
102264732,49.7190725,13.5094949
102264767,49.5077684,13.6185641
102264791,49.6311909,13.308622
102264813,49.582957,13.5341308
102264848,49.6544686,13.1986787
102264899,49.6405239,13.5199089
102264911,49.5751663,13.3354159
102264970,49.7027153,13.46978
102264996,49.6392216,13.1663814
102276021,49.6703457,13.4024377
102564221,49.4875761,13.5883558
102564256,49.469489,13.6043683
102564281,49.4625179,13.740664
115500243,49.6551932,13.2989803
102328013,50.0197961,14.2588505
102328081,49.8311643,13.1813993
102328102,49.9751549,13.1644568
102328129,49.9161851,14.3541892
102328153,49.9399942,13.0038338
102328161,49.7639414,13.2534823
102328196,49.0701335,15.8713286
102328277,49.8417913,13.358115
102328293,49.792841,13.4934032
102328307,49.8957165,13.3829838
102328510,49.9354501,13.3953863
102328536,49.7265064,13.2368418
102328579,49.7323785,13.2784019
102328617,49.6829526,13.2246474
102328625,49.8072613,13.4261863
102328633,50.0448245,13.3753545
102564329,49.8244451,13.3883188
102328331,49.9833825,13.4829075
102328650,49.9800726,13.4804313
047694815,49.2024461,13.7296083
102109818,49.319059,15.226738
102376158,49.7156553,13.6868137
102376417,49.7372673,13.5938012
102376425,49.7405441,13.5960833
102376433,49.7431993,13.5929648
102376573,49.856795,13.768107
044645261,50.1744914,12.6656149
044645317,50.1818253,12.6429905
102416435,50.1288657,12.5524852
102416567,49.5101883,15.129398
102416681,50.1729592,12.6710246
102416788,49.5745106,14.1025342
102416842,50.1847428,12.5497305
102416940,50.1398473,12.8069552
102416958,50.136588,12.7934367
102428018,50.2417179,12.7438037
102428093,50.2159666,12.534074
181025906,50.3297872,12.5057938
102428107,50.3323574,12.5159391
102428158,50.3248131,12.5160389
102428204,50.1188587,12.5332361
102428271,50.1874963,12.7556653
102428301,50.2114945,12.6310539
102428361,50.2063127,12.7374003
102428441,50.3024239,12.5597483
102552983,50.2344376,12.7181372
102552991,50.1880573,12.6721174
102416753,50.1820823,12.6458289
102416966,50.2414809,12.7457439
102416508,50.1926705,12.6258034
102416761,50.1461062,12.6456906
102428522,50.2381679,12.7506829
102428565,50.2063127,12.7374003
048327191,49.743744,12.6943612
102464065,49.8801288,12.9812743
102464103,49.6714834,12.5581946
102464146,49.9062406,12.9744205
102464162,49.7129873,12.7728544
102464171,49.7157737,12.9858873
102464201,49.6753079,12.6769907
102464227,49.4147086,12.9127073
102464235,49.7541327,13.0054936
102464278,49.7582497,13.0021742
102464286,49.7992053,12.6299835
102464294,49.7995929,12.6398748
102464308,49.7968814,12.6338442
102528527,49.8166507,12.8804199
108014835,49.765056,12.9110235
102464022,49.6962221,12.5976929
102464073,48.907176,15.8687233
102005117,50.6968707,14.4499848
102553866,50.7688863,14.7689375
102005010,50.6179963,14.4929629
108029204,50.5884715,14.6335399
102005150,50.7668151,14.54929
102005524,50.759265,14.557395
102005061,50.7654108,14.4421418
102005109,50.7396588,14.5890763
102005125,50.7918632,14.596773
102005133,50.7307489,14.446948
102005214,50.7785538,14.6300263
102005354,50.5408426,14.5390449
102005389,50.7086704,14.4037701
102005575,50.6863638,14.6507787
102005621,50.7009238,14.8028825
102005711,50.6333876,14.3903262
102145687,50.7962463,14.46766
102145695,50.7022225,14.5344964
102145725,50.7128426,14.4933356
108028828,50.7862238,14.5312096
102005036,50.7707812,14.685249
102005249,50.6917938,14.5258856
102005265,50.6805692,14.5340928
102005290,50.677808,14.547267
102005311,50.6869299,14.5323931
102005320,50.5676726,14.6522863
102005435,50.7764901,14.4703613
102005494,50.6581851,14.7206559
102005532,50.7546301,14.5604388
102005702,50.6843113,14.5209663
102553882,50.6970264,14.5371653
102577099,50.6887502,14.5444534
108029123,49.5080895,16.7312953
108029191,50.5857728,14.8040625
116000104,50.7259718,14.8087129
102005796,50.7597738,14.5576913
116000635,50.6850838,14.5420713
102005770,50.6850838,14.5420713
047274638,50.9915863,14.3759575
047274743,50.7604611,14.1873365
102000034,50.8523892,14.3939089
102053421,50.761528,14.2483758
102053448,49.3791271,16.1815892
102053464,50.8797591,14.5155486
102053499,49.4097025,17.6142916
102053596,50.7148448,14.1931462
102053634,50.789435,14.3034242
102053677,50.9472883,14.571375
102053715,50.9004838,14.62396
102053731,50.9108013,14.6407013
102053740,49.815562,15.5359341
102053782,50.7445888,14.3051925
102053847,49.2008563,15.7673191
102053871,50.7809684,14.2176416
102053944,50.7727822,14.2157325
102053961,50.7749285,14.193792
102053995,50.7723945,14.1907076
102065047,50.7905774,14.1867833
102065071,50.7434246,14.1938892
102065136,50.863242,14.48297
102065233,50.9838651,14.2869975
102065250,50.9121038,14.51
102065322,50.9520215,14.554189
102065365,50.9504417,14.4961696
102065373,51.0031201,14.4587038
102065390,50.9113688,14.6206475
102065446,50.6616463,14.3019325
102553921,50.9500319,14.5490747
102789461,50.906235,14.6212338
047274701,50.7982963,14.41923
047274735,50.7982963,14.41923
102000069,50.7471772,14.3332786
102053570,50.7940643,14.2564109
102065403,50.9129438,14.61569
102065179,50.9916259,14.5724021
102053910,50.7786071,14.2290728
102053928,50.7818906,14.2209253
102065217,50.8810017,14.5946473
102553891,50.7821306,14.1487323
116200561,50.4622387,13.398628
102129096,50.332773,13.4303749
102129126,50.4407924,13.3917488
102129185,50.2625471,13.2796651
102129207,50.1430605,14.6102607
102129223,50.3033576,13.3129723
102129258,50.4571401,13.4172404
102129282,50.4613663,13.4210785
102129304,50.4627219,13.3998168
102129312,50.4661202,13.402861
102129363,50.4692932,13.3975103
102129371,50.4747122,13.4087098
102129398,50.4882924,13.4416594
102129401,50.5040632,13.4489662
102129452,50.4933083,13.4406176
102129479,50.3804068,13.2636426
102129495,50.3823981,13.2737701
102129509,50.3881402,13.2728211
102129525,50.3846058,13.2640695
102129541,50.389992,13.1774799
102129568,50.4015524,13.4219528
102129592,50.4384576,13.05422
102129614,50.3805239,13.1101203
102129649,50.4713425,13.5302494
102129665,50.4912624,13.0305776
102129690,50.4409589,13.4603251
102553963,50.5020581,13.4369278
102553998,50.4867077,13.4348264
040230457,50.5002672,13.4541825
102577757,50.5032538,13.4345454
102577765,50.3920178,13.1817406
250003741,50.3860725,13.1693507
108057011,50.3887406,13.1873058
116200014,50.5242402,13.4692922
102129703,50.479406,13.4132966
102129738,50.3808629,13.2689458
102177295,49.5702131,17.0099159
102047499,50.7143764,15.3150838
102165777,50.6246596,15.228224
102165807,50.7257683,15.2141311
102165815,50.6984516,15.1157502
102165823,50.6430652,15.2539851
102165866,50.745467,15.1513548
102165904,50.7046611,15.3180054
102165947,50.7318126,15.1821963
102165998,50.7223701,15.18066
102177015,50.7237236,15.1532894
102177147,50.73815,15.1632938
102177198,50.7766429,15.1694895
102177228,49.929545,16.0310155
102177252,50.7413554,15.2204627
102177341,50.7325767,15.2466424
102177384,50.7375755,15.2974626
102177473,50.6432363,15.2607825
102565023,50.7423763,15.1691538
102565031,50.6365038,15.2693988
102565040,50.7263936,15.1632974
102177091,50.7168563,15.1678225
102177457,50.7009169,15.2729337
102177236,50.4534058,14.8936729
102165831,50.6179098,15.944775
102229384,50.6602601,14.9975075
102217963,49.7999719,16.5325958
102217998,50.0133421,14.4835699
102229481,50.880085,15.1818388
102229457,50.6668901,15.0853413
102229236,50.8469738,14.8514888
102229546,50.8567188,14.8425488
102229511,50.8548388,14.8454763
102229554,50.8207488,14.9686888
116401141,50.8172919,14.968859
102229147,50.9608145,15.2495327
102229309,50.7384779,14.9013067
102217971,50.710673,15.0769449
102241074,50.7431954,15.0936522
102000841,50.7526376,15.0652521
102229261,50.7817985,15.0426348
102229848,50.7625371,15.0360769
102229686,50.7470888,15.0265826
102789070,50.7730534,15.0755209
102241058,50.7668075,15.1012567
102229597,50.7654048,15.0609023
102241112,50.7823677,15.0579495
102229724,50.7825081,15.0563953
102241040,50.7714255,15.0700838
102229473,50.8322913,15.05699
102229074,49.1108763,16.3086694
102229155,49.5702131,17.0099159
102229317,50.6098553,15.0068667
102241198,50.901175,15.1333638
102229180,50.9402217,15.127556
102241317,50.6262421,15.0886689
102241236,49.7056965,14.1452026
102229007,51.0190316,15.065154
102229953,50.7379917,15.0632356
102241015,50.7556778,15.0483373
102241163,50.6939951,14.9182024
102229015,50.8736749,15.221633
102229295,50.5781315,15.083897
102229422,50.9234063,15.082996
102229601,50.7698148,15.0475252
102229627,50.7726483,15.0640765
102229651,50.7786305,15.0734631
102241023,50.7689228,15.0510362
102241121,50.9257161,15.2268545
102565074,50.7607914,15.0677153
102577781,50.76237,15.0957327
102241325,50.9226251,15.0853975
102241341,50.8506775,14.8320488
102565066,50.8901392,15.1903612
102577790,50.7671994,15.0511486
102305765,50.5213393,14.2197669
102305889,50.498847,14.0349775
102305978,50.5141612,14.0478526
102317127,50.5396148,14.1268614
102317143,50.538504,14.1322846
102317160,50.5390245,14.1359821
102317186,50.5373164,14.1438338
102317194,50.5436631,14.1279152
102317208,50.5136846,14.0492823
102317224,50.5133819,14.0483955
102317321,50.5064351,14.1432388
102317330,50.4759256,13.9909482
102317381,50.5853879,14.3459585
102789096,50.5475141,14.1278909
102305986,50.360434,14.3429354
102000221,50.4769179,14.2292434
102000239,50.4719843,13.948284
102305668,50.4162336,14.3406916
102305706,50.510716,14.149717
102305714,50.4841297,14.033131
102305731,50.4314351,14.0064723
102305757,50.405371,14.3013154
102305781,50.4731695,14.2504798
102305811,50.365546,14.2817291
102305935,50.49328,14.149977
102317011,50.5602359,14.1984767
102317020,50.3643584,14.2501556
102317038,50.5380413,13.9769909
102317054,50.4542729,14.1469423
102317062,50.4023986,14.1289383
102317071,50.4896645,14.3313666
102317089,50.5688586,14.2890639
102317097,50.4053698,14.0356926
102317232,50.0046699,15.2059806
102317259,50.4254189,14.2788487
102317275,50.4219911,14.2440001
102317283,50.4232631,14.2536586
102317291,50.4545203,14.3754179
102317364,50.458323,13.899031
102317429,50.5230943,14.0913631
102317437,50.449641,14.374578
102377243,50.2341514,13.7295157
049123718,50.1317411,13.3095987
049120387,50.3305411,13.8128932
062247832,50.3512659,13.5731925
102377278,50.4027209,13.9419374
102377341,50.340282,13.4762255
046764747,50.1791772,13.3784492
047790920,50.1755776,13.4248108
049123645,50.3005961,13.6808608
049123866,50.3550447,13.8125782
049123874,50.3601871,13.78717
049123882,50.356908,13.8014584
049123891,50.3556241,13.7914599
060275839,50.3295273,13.5410664
061357324,50.2541629,13.3677654
061357332,50.3177676,13.5418992
061357383,50.2535123,13.7739711
061357430,49.5198118,13.5331949
061357472,50.2949225,13.9169454
102377782,50.225951,13.4090343
049123858,50.3510669,13.8020397
061357120,50.3283507,13.5377181
061357413,50.3418928,13.961303
061357421,50.3240488,13.5462564
102377260,50.3176857,13.7448735
102377774,50.2270368,13.4093057
102377286,50.1275171,13.446414
108006417,50.3731536,13.6406811
061357448,50.3577433,13.6912171
061357537,50.3595996,13.8484529
102377375,50.5688586,14.2890639
102377383,50.28488,13.6623409
102377588,50.3770714,13.7602164
046764593,50.3195439,13.5379822
116701692,50.5038221,13.6963685
116700866,50.6064035,13.4358074
116700980,50.5099333,13.6255612
116701099,50.5092799,13.6371782
116701129,50.4497174,13.7178422
116701277,50.6008323,13.6073399
116701391,50.4990844,13.6416536
116701421,50.4940475,13.662961
116701471,50.4901398,13.6485677
116701536,50.50204,13.6355617
116701595,50.5045489,13.6765771
116701668,50.5852862,13.6396698
116701722,50.503443,13.6565192
116700891,50.6217545,13.6079309
116701064,50.595851,13.5832789
116701153,50.5727902,13.5505937
116701307,50.6107413,13.6320128
116701561,50.4932826,13.6389444
116701757,50.6003471,13.6533425
116700955,50.4953614,13.6549657
116701366,50.5428359,13.7001415
116701013,50.5925831,13.5639723
102465321,50.6428533,13.8421245
102465436,50.6208767,13.8643991
102465282,50.64765,13.8374417
102465347,50.6362453,13.8004764
102465363,50.6449068,13.8519632
102465428,50.5414085,13.7765164
102465444,50.6762738,13.7947025
102465479,50.6689921,13.8041799
102465541,50.6058841,13.7452795
102465550,50.6128123,13.7424064
102465568,50.5884459,13.8052342
102465584,50.6560496,13.7216232
102465606,50.5600758,13.8637722
102465665,50.6823067,13.8578608
102465681,50.6863648,13.876785
102465690,50.6609548,13.8239755
102465738,50.665966,13.8314336
102465771,50.5930876,13.9070489
181015692,50.6725122,13.7991799
102565279,50.6873777,13.8856034
102565287,50.6350101,13.8402226
116800372,50.628812,13.816671
102465762,50.6049512,13.7874824
102465304,50.6388788,13.8120301
102465312,50.6386827,13.8181429
102465371,50.5537579,13.7886791
102465398,50.548434,13.7701838
102465631,50.6534276,13.7504002
102465703,50.62195,13.6922937
102565864,50.655032,13.8409975
044225997,50.6984603,13.9364361
044226241,50.6738956,14.1036069
044226250,50.6450514,14.0039511
102517088,50.7315929,14.0367021
102517096,49.5540657,14.3377897
102517282,50.6685188,14.0789452
102517304,50.6482592,14.0538299
102517339,50.6843544,14.0031876
102517371,50.682996,14.0292158
102517398,50.672808,13.9414519
102517436,50.7583955,14.0398647
102517525,50.6625137,14.1419996
102565350,50.6654894,14.0427724
102777799,50.6821126,13.9947121
102789282,50.6802275,14.1122349
044226233,50.669879,14.0374161
044226268,50.6675847,14.093866
102517169,50.6727772,14.0563509
102517231,50.6681523,14.0225395
102517347,50.6671991,14.0236153
102517177,50.6252569,14.0754319
102565333,50.6713279,14.0715497
102517215,50.6071207,13.9541204
102517380,50.6577963,14.0620452
102565317,50.6766073,14.0424824
102565341,50.6772982,14.0184719
102517100,50.6319237,14.1194456
102517274,50.6568748,13.9948414
102517487,50.6763133,14.1569065
102517509,50.7844989,14.0313007
102006032,49.5786694,15.6745705
102006041,49.7612741,15.3975713
102006067,50.5463175,14.8671619
102006105,49.6026859,15.4703368
102006121,49.7561046,15.647987
102006130,49.6299124,15.4908288
102006172,49.7343914,15.4104509
102006288,49.6359563,15.7816362
102006296,49.5541765,15.5446545
102006334,49.6626599,15.4964748
102006385,49.5113363,15.5172927
102006393,49.7560825,15.4867638
102006431,49.6094437,15.5801066
102006440,49.6065952,15.5826387
102006458,49.6141901,15.5728035
102006466,49.7211325,15.6694034
102006474,49.7180153,15.6727688
102006482,49.6909924,15.8473788
102006512,49.6968688,15.275372
102006521,49.577784,15.7369892
102006547,49.6666902,15.4044336
102006571,49.815562,15.5359341
102006628,49.818825,15.4771887
102006652,49.6429144,15.6909616
102006687,49.6097805,15.5917523
102006709,49.7720273,15.6768128
102109206,49.6593287,15.7556482
103378537,49.6152836,15.5812373
108007324,49.6487725,15.4376886
102006059,49.6277043,15.3822968
102006075,49.6832441,15.1996056
102006113,49.7456554,15.7047001
102006164,49.6725407,15.6337987
102006199,49.8756726,14.1587676
102006211,49.7009949,15.7668725
102006253,49.5638537,15.4590525
102006342,49.7682716,15.5858746
102006598,49.6977349,15.8149959
102006733,49.5424238,15.6576846
102109214,49.4041411,15.7592906
103378545,49.6703122,15.2532087
102006318,49.6130233,15.4135596
045980497,50.1856047,15.8378112
045980501,50.1849071,15.8445876
048145785,50.156785,15.4563812
049333852,50.203632,15.818772
062060422,50.2168263,15.8476881
062060449,50.2377538,15.632885
062690957,50.2392763,15.4888513
062690965,50.2391476,15.4915638
062690973,50.1985813,15.9963988
102040834,50.2085418,15.8849668
102066493,50.2872721,15.6945
102066515,50.1789569,15.5551183
102066523,50.1691435,15.606913
102066591,50.1922062,15.4633463
102066604,50.2386755,15.5485896
102066639,50.2173384,15.7463585
102066647,50.0828826,14.4221684
102066671,50.1944197,15.8424972
102066680,50.2107874,15.8119776
102066744,50.2072972,15.7979508
102066787,50.2058996,15.8107035
102066809,50.17736,15.8562144
102066841,50.2253743,15.8042863
102066868,50.2272382,15.8420268
102066876,50.2202345,15.8574553
102066981,50.220429,15.7800064
102078017,50.1996631,15.8553383
102078033,50.2043122,15.854045
102078211,50.2982549,15.8641237
108007782,50.2422648,15.9597444
102142441,49.951113,15.7971244
043501583,49.950366,15.7889317
102130965,49.8022124,15.7440386
102142009,49.6589345,14.9767461
102142033,49.826786,16.0798473
102142068,49.8434267,15.9961932
102142076,49.915562,15.7680482
102142106,49.7263869,16.0445762
102142122,49.9788365,15.8410811
102142181,48.7896693,14.7783906
102142220,49.9483701,15.6662188
102142246,49.7615451,15.9107674
102142254,49.7674113,15.9150975
102142271,49.7680913,15.9175375
102142301,49.9634563,15.9086
102142408,49.9414188,15.7991838
102142483,49.7359558,15.9747499
102142556,49.8923938,15.6279156
102142599,49.8884225,15.5296175
102142629,49.84225,15.99316
102142637,49.8459848,15.9967567
102142653,49.9172463,15.8147488
102142700,49.8665412,15.5718224
108008061,49.94729,15.8058413
102142025,49.9193093,15.8390302
102142041,49.7964042,15.9641156
102142050,49.916756,16.075977
102142203,49.8473534,15.6571108
102142815,49.946275,15.6700163
047477334,50.4395201,15.3533773
049305620,50.4932313,15.5174299
049305662,50.3666951,15.63238
049305760,50.4271203,15.5826046
060114011,50.4800296,15.6082101
060114088,50.4352039,15.3592361
102008981,50.3054715,15.2963304
102190780,50.3730768,15.3372856
102190810,50.4981552,15.2984957
102190879,50.3844348,15.3700194
102190895,50.3667694,15.3813958
102190909,50.45495,15.3849825
102190968,50.3758247,15.5447734
102190984,50.3310026,15.4363688
102206066,50.3613301,15.631045
102206147,50.4352356,15.3512304
102206252,50.3319951,15.2646238
102206368,50.4862413,15.5178613
102206384,50.46809,15.18074
102206414,50.5110325,15.4943875
102206457,50.4726668,15.3870769
102718377,50.3658243,15.6375402
103378626,50.5125401,15.5658
108008428,50.3302297,15.6305021
103378618,50.33899,15.6896418
181042061,50.6189263,16.108519
102254222,50.1154665,14.1496822
102254389,49.2909875,16.0289446
102254397,50.3569988,15.8427575
102254427,50.5387497,16.2132838
102254559,50.3586776,16.2461137
102254605,50.4992657,16.2769027
102254648,50.391185,16.0448863
102254681,50.4617076,16.1896963
102254702,50.4799692,16.1820196
102254737,50.3539735,15.9194976
102254745,50.3539176,15.9140325
102254770,50.62788,16.2464313
102254800,50.4091238,16.1656488
102254869,50.4159276,16.1576538
102254893,50.3472275,16.1501575
102254907,50.5850896,16.3307878
102254923,50.5896438,16.33111
102254958,50.5362225,16.23792
102254974,50.3342817,15.9231783
102718491,50.356085,16.1448438
102718504,50.4246226,16.1626725
108024041,50.5400755,16.2653708
000191051,50.0351976,15.5602163
000191086,50.0292743,15.9677393
042937515,50.0265576,15.9157938
042938554,50.0384711,15.7920485
046496921,50.0241909,15.7543082
048160164,49.9984638,15.9459975
048160610,50.1060794,15.6061731
048160831,50.0395151,15.5597675
048160881,50.1324128,15.9109919
048161055,50.0433448,15.8107463
048161144,50.0282907,15.7347308
048161241,50.0624042,15.7534437
048161276,50.036477,15.8035602
048161292,50.0514472,15.764166
060156678,50.0129061,15.4694746
060156953,50.0634287,15.8560435
060157046,49.9861013,15.612055
060157283,50.0754554,15.4265111
060157941,50.0457038,16.0823188
060158387,50.1479016,15.7882561
060158701,50.0598325,15.7010738
060158841,50.034545,15.4135862
060158999,50.025322,15.7765074
060159022,50.0436519,15.7549059
060159049,49.9935211,15.8046626
060159081,49.9897025,15.7748029
060159111,50.1338488,15.7726288
060159146,50.0262073,15.7909202
060159154,50.0352533,15.7724952
061222216,50.1051014,15.8090919
102306893,50.0777438,15.9240725
102306915,50.0773119,15.9555411
102306974,49.9877698,15.5688836
102318018,50.0447221,16.0302943
102318034,50.0530885,15.5197259
102318085,50.1042202,15.5328982
060156589,50.0615699,15.6494372
048159778,50.0695788,15.9886799
060158859,50.0354638,15.4744262
060159065,50.0494356,15.7551912
048161047,50.0346313,15.7691285
048161136,50.0370332,15.7567584
060157747,50.1046738,15.8893033
048161306,50.0237689,15.7643583
060158247,50.0581913,15.5949975
048159786,50.0703825,15.988205
060159138,50.0211571,15.757506
046459341,50.095625,16.0964763
102390401,50.2138236,16.0769318
102390461,50.1356163,16.0980067
102390479,50.0602888,16.4820721
102390495,49.5577012,16.4223306
102390533,50.2598915,16.2147463
102390541,49.8999172,14.5250183
102390606,50.1319401,16.1836088
102390631,50.0836877,16.3076924
102390657,50.2697571,16.2637615
102390762,50.1633764,16.2829508
102390819,50.1646763,16.281375
102390886,50.287125,16.0462888
102390894,50.2946726,16.1652688
102390932,50.2921062,16.1605457
102390967,50.1191892,16.1972755
102406022,50.2683038,16.1130313
102406073,50.205215,16.2366124
102406090,50.1494596,16.0739025
102406111,50.1172751,16.2880663
108009211,50.1205028,16.1026516
102390568,50.108729,16.3657913
102442550,50.6663343,15.5481647
102442568,50.6098486,15.3777677
102442576,50.6400712,15.3370985
102442592,50.5409167,15.1991927
102442631,50.600714,15.4687893
102442649,50.5203107,15.411845
102442673,50.4749348,15.1012414
102442703,50.5508499,15.3579786
102442711,50.5682543,15.2860317
102442720,50.5874068,15.1574182
102442738,50.6300813,15.4876716
102442746,50.5574523,15.105215
102442762,50.7272292,15.4638743
102442771,50.5716517,15.404028
102442789,50.5316013,15.6075439
102442801,50.6602996,15.3386678
102442827,50.6118786,15.4230514
102442851,50.7720087,15.4315431
102442894,50.5293195,15.3741512
102442908,50.6612187,15.4641885
102454019,49.2003129,16.0647906
102454116,50.6856827,15.4018906
102718814,50.6110901,15.3270788
108009807,50.5840158,15.334204
102442657,49.7869542,13.9595092
102442819,50.5594039,15.4159301
102442924,50.5387726,15.2578563
102454035,50.5878413,15.1612463
151025886,50.6059675,15.3256825
108009793,50.6015938,15.33423
102442533,50.5940653,15.2012651
102442797,50.6089217,15.5699724
102442843,50.6790154,15.5312007
102442878,50.6090201,15.5034261
102442886,50.6092292,15.5030701
102442941,50.6058625,15.3348138
102454027,50.591785,15.1404375
102454086,50.5944338,15.1618538
102454191,50.5293195,15.3741512
102454221,50.6110901,15.3270788
117700576,50.5887759,15.1420753
102454167,50.6113289,15.497223
002506475,49.7397719,16.4131597
108040011,49.7561151,16.0857765
002506211,49.7758376,16.4747623
002506246,49.8052996,16.4801274
002506319,50.2104016,13.6398017
002506327,49.6610042,16.3060814
002506432,49.8435464,16.2846656
002506548,49.7945531,16.6276322
002506611,49.6949033,16.1810897
002506637,48.9867611,16.1954191
002506653,49.6157251,16.4653635
002506734,49.7113421,16.4805061
002506785,49.628305,16.34866
002506815,49.8256129,16.2546132
002506866,49.631141,16.7046359
002518015,49.7586178,16.6521212
002518112,49.7176526,16.2584088
002518139,49.7102622,16.3172913
002518155,49.6996202,16.4312778
043509541,49.7113025,16.2667038
046452745,49.6459538,16.5168913
047487526,49.6362769,15.7812323
049328077,49.7597421,16.6646453
049328255,49.7576772,16.4603631
049328263,49.7597579,16.4628401
049328271,49.7558496,16.4680691
049328298,49.75831,16.4590745
108034429,49.7460396,16.2207617
108034437,49.5191474,16.4836856
108040208,49.2938375,14.8374155
002506807,49.8989467,16.2153158
047487267,49.8706351,16.306225
047487275,49.8714851,16.3062074
047487283,49.8705276,16.315195
002506424,49.7271275,16.193705
002506483,49.836179,16.2057919
002506556,48.9575274,16.2085879
049328280,49.7467501,16.4740542
002518236,49.86889,16.3074475
043462448,50.5419763,15.7307
047463724,50.558883,15.9002077
047463783,50.5840888,15.8926638
047463848,50.5684013,15.9072425
047463996,50.5116713,16.017065
047464143,50.4174851,16.1796875
047466928,50.5784502,15.7373043
049290266,50.6586389,15.8213788
049290576,50.5055463,16.06802
049290649,50.5343488,16.0434813
060152885,50.6065856,15.8330828
060154691,50.4437426,15.81456
060154721,50.43273,15.8172338
060154730,50.4368975,15.8024113
102578028,50.5869966,15.6643195
102578095,50.5959012,16.0393041
102578231,50.5317412,16.0283758
102578249,50.5626579,15.8217107
102578460,50.4223138,15.8060162
102578737,50.6262304,15.8164318
102578869,50.5750388,15.9521375
102578923,50.5074313,16.025915
102578974,50.6292468,15.6083404
102718881,50.564625,15.8993137
102578532,49.695416,14.0795342
117900729,50.6145653,15.6105755
108026485,50.5805438,15.94409
000853933,49.9044558,16.4413354
000854352,49.9002694,16.4465733
000854379,49.9157395,16.6162999
000854620,49.9973163,16.2164925
000854638,50.0011138,16.2150538
000856452,50.0272313,16.5229925
000856673,50.031651,16.6038752
000856801,49.9969373,16.1740413
000856843,50.0365525,16.494995
000856878,49.9507475,16.1551263
044469888,49.917059,16.4377159
049314629,50.0824375,16.7591725
049316834,50.0841492,16.4649054
049317032,49.951932,16.1586345
102642001,49.9703616,16.3687036
102642087,50.071825,16.3922403
102642168,49.9534727,16.1616455
102642192,50.0978527,16.6660119
102642206,49.8759177,16.6029795
102642290,49.6111687,14.0146436
102642303,49.898108,16.5695296
102642354,49.9363072,16.2222086
102642371,49.8592524,16.5020378
102642401,50.0953496,16.3762436
102642427,49.9861773,16.1287426
102642435,49.8840579,16.6357586
102642451,49.9072324,16.6082451
102642478,50.0203367,16.4385515
102642541,50.0593063,16.3452419
102642567,49.9735353,16.392837
102642583,49.9754122,16.4034521
102642591,49.9597444,16.4053969
102642796,49.9114915,16.6109233
102642893,50.0790557,16.4621549
102642958,49.9795367,16.5647524
102642974,49.9925741,16.4976581
102642982,49.9216472,16.3394356
102642991,50.0034524,16.3896553
102654000,49.9705301,16.607717
102654042,49.9457944,16.3812246
102654093,49.9872042,16.6638134
102718971,49.870862,16.5609709
108031225,50.0025062,16.1338163
108041697,50.0304103,16.3165293
102007161,49.3929251,16.6427199
102007616,49.5429664,16.5716161
102007021,49.4641811,16.4304845
102007047,49.2974402,16.7732698
102007071,49.3725903,14.9599829
102007080,49.2651773,14.9238356
102007101,49.4680432,16.540633
102007136,49.3551061,16.7843532
102007152,49.3308697,16.6716851
102007209,49.5244186,16.4629625
102007217,49.3372988,16.7256625
102007225,49.4983304,16.5727867
102007233,49.480837,16.6073215
102007241,49.5449545,16.4888884
102007268,49.5486196,16.711622
102007276,49.3296156,16.5986378
102007284,49.5889245,16.7628827
102007292,49.5673414,16.6660708
102007314,49.5390503,16.6259509
102007322,48.940724,15.6893967
102007349,49.4234363,16.5914338
102007373,49.4686388,16.7585066
102007381,49.3006637,16.658807
102007390,49.7828898,14.6875926
102007403,49.3661166,16.6497124
102007411,49.3636494,16.6442394
102007446,49.3621355,16.6483106
102007489,49.4879426,16.6650738
102007527,49.4137588,16.5746963
102007535,49.342205,16.7588488
102007543,49.5396842,16.6949654
102007551,49.2968704,16.7433382
102007586,49.50555,16.5212925
102007624,49.3839404,16.8058321
102007659,49.3392318,16.5527421
102007667,49.4011251,16.4065313
102007691,49.4566276,16.536365
102007713,49.5595546,16.4240174
102007721,49.388153,16.7489318
102007748,49.4082201,16.6389863
102007756,49.4148654,16.7396127
102007799,49.5019013,16.5978763
102007802,49.6125888,16.6700275
102108030,49.4653514,16.6071315
102108072,49.5252981,16.5426232
103019383,49.359176,16.6569782
118100556,49.4814985,16.5580747
102007039,49.2815982,16.7495168
102007063,49.578345,16.721926
102007098,49.4345776,16.6288888
102007357,49.5631047,16.5044008
044993978,49.2057457,16.5979003
048512575,49.2130167,16.6792889
048512648,49.2027214,16.5799674
049466623,49.2056775,16.6242832
062156624,49.213524,16.589708
044994044,49.2051661,16.6754615
048510921,49.2023284,16.6437119
048511927,49.1745899,16.5536988
048512681,49.1849981,16.5986361
048512699,49.2035304,16.5925403
048512702,49.2024342,16.6146194
048513091,49.218247,16.5149042
048513121,49.2278366,16.5263158
048513245,49.1926357,16.541861
049465872,49.1710219,16.5595604
049466135,49.1840433,16.6354316
049466241,49.1678109,16.5806125
049466607,49.2284005,16.6232369
049466631,49.2306105,16.6265401
049467247,49.1901847,16.6553661
060556102,49.2035493,16.6605009
062156420,49.1765844,16.6884427
062157060,49.1800518,16.5912987
062157108,49.224647,16.5987002
062157116,49.2314595,16.5850155
102067589,49.2421869,16.5877674
102067449,49.1345841,16.6555523
044994036,49.1909662,16.5279497
048512524,49.2020418,16.6946604
062156527,49.1795796,16.6854621
062156969,49.2239753,16.5919497
048512672,49.1938957,16.5710609
060556188,49.1962341,16.6075974
049465481,49.2483145,16.5796838
062156632,49.1644534,16.568042
044994052,49.2177814,16.5234252
048512401,49.2062045,16.6867627
048512630,49.1871692,16.6006886
060555823,49.1710248,16.5715386
044994290,49.2064971,16.5534572
048511111,49.1998104,16.6324167
048511226,49.1771469,16.558664
048512184,49.2116791,16.632182
048512664,49.1901315,16.6193007
048512711,49.2024404,16.6053996
049465538,49.2220999,16.6433801
049466208,49.2089857,16.4883151
049466321,49.1841931,16.6421827
060555882,49.2209259,16.5590429
062156781,49.210239,16.5822296
062157094,49.2112433,16.6042439
102055904,49.2555455,16.6223766
102055955,49.2704969,16.5957939
102067007,49.1624034,16.6118057
062156543,49.1657845,16.5550638
102067767,49.1773142,16.6246546
048510661,49.1947077,16.6501754
049466615,49.2198378,16.6221474
062156888,49.2387931,16.5774523
048513997,49.1759109,16.5300263
049465091,49.2119695,16.6230184
102067481,49.1514274,16.6621355
150070730,49.2884909,16.4587237
102179875,49.1566131,16.2583587
102179921,49.0693195,16.46835
102191018,49.3051563,16.53506
102191212,49.1511149,16.4928653
102191239,49.1695684,16.7280515
102191328,49.3463467,16.4301521
102191344,49.3507864,16.4232751
102191352,49.1043223,16.7540228
102191395,49.2244786,16.285288
102179263,49.1643987,16.7903005
102179280,49.0763784,16.6078242
102179301,49.1665081,16.7588235
102179328,49.2949951,16.5030625
102179395,49.0492374,16.7374146
102179468,49.1904244,16.7208449
102179476,49.1770376,16.4896038
102179484,49.1386159,16.7628088
102179531,49.1313496,16.4791024
102179565,49.2550425,16.5075888
102179603,49.1020709,16.7177796
102179719,49.0878859,16.7337431
102179751,49.3082989,16.479781
102179760,49.246108,16.3435632
102179786,49.0934156,16.3656484
102179794,49.2853688,16.5694613
108049230,49.1059676,16.4729312
108049256,49.3106949,16.4464014
102179841,49.3521369,16.4058788
102179972,49.1042584,16.3716167
102179522,49.0035795,16.6163856
102179255,49.2833017,16.6961293
102179298,49.1015881,16.3776051
102179310,49.1377091,16.7339914
102179336,49.2789457,16.3880626
102179361,49.0309656,16.5318317
102179387,49.0832736,16.4362839
102179409,49.1108763,16.3086694
102179417,49.0711485,16.4417503
102179433,49.0756446,16.640823
102179492,49.0556789,16.4876812
102179506,49.1171749,16.4716484
102179549,49.0924079,16.6289398
102179590,49.0799072,16.5460683
102179620,49.1718429,16.5062647
102179654,49.2368966,16.4018268
102179689,49.1705404,16.3252561
102179697,49.0119893,16.6004087
102179778,49.0375676,16.5945724
102179808,49.1454026,16.5764335
102179832,49.2146526,16.393296
102179859,49.2135782,16.825406
102179867,49.2637745,16.7142041
102179883,49.2106693,16.409953
102179905,49.2448392,16.6732865
102179913,49.3205381,16.3462457
102179999,49.1018041,16.3797258
102191000,49.3038263,16.5275188
102191034,49.0823951,16.6942374
102191042,49.1300838,16.6089163
102191093,49.2232246,16.7514592
102191115,49.1115657,16.5143028
102191123,49.1233234,16.3345584
102191131,49.2063417,16.797075
102191140,49.0840752,16.6005439
102191174,49.180474,16.3892929
102191182,49.1138646,16.7216413
102191255,49.0393815,16.7701274
102191379,49.2759663,16.4370413
102191387,49.1925802,16.3619841
102191425,49.1581007,16.3453105
102191433,49.1155327,16.5740422
103619283,49.0651464,16.5230794
103619305,49.0543774,16.6008495
103619313,49.3094064,16.6131768
108010252,49.2037069,16.7825412
102179450,49.162654,16.5436207
102255091,49.0123217,16.6575285
102179425,49.2531118,16.7359061
102179514,49.1954826,16.299071
102179638,49.1917701,16.7714571
102179735,49.0547374,16.6438364
102179816,49.1449317,16.3877548
102179956,49.3302978,16.4767658
102191441,49.0366601,16.6106695
150046405,49.0505843,16.5009083
102102341,50.3007379,14.7957224
102243930,48.9663477,16.8095796
102243956,48.9609601,16.8962625
102243964,48.7772275,16.764025
102243972,48.9890059,16.9102728
102243981,48.9873895,16.0974029
102243999,49.2626625,13.7975236
102255008,48.9287225,16.6648138
102255016,48.9418325,16.6320688
102255032,48.9132346,15.6303763
102255041,50.1808159,15.2301357
102255059,48.773285,16.8864867
102255075,49.4960637,15.1099465
102255105,49.0131513,16.7748414
102255113,48.7586617,16.8910555
102255130,48.7570976,16.8543362
102255148,48.7637591,16.8473479
102255164,48.7514674,16.8665357
102255172,48.7622256,16.8808034
102255181,48.821548,16.5629297
102255199,48.8539508,16.5941141
102255202,48.8867338,16.6442138
102255237,48.8601046,16.4864434
102255253,48.7912137,16.9781199
102255261,48.9403717,16.7321282
102255296,48.9381695,16.7348304
102255351,48.9976733,16.8660397
102255385,48.7274563,16.9649413
102255407,48.7990188,16.80359
102255458,48.8116159,16.6439272
102255466,48.8030151,17.0135988
102255491,48.8346732,16.9294519
102255504,48.9933232,16.753806
102255521,48.825528,16.8485342
102255539,48.9810905,16.5226177
102255598,48.8577013,16.8071005
102255628,48.897391,16.7138878
102255652,48.7531799,16.9848377
102255679,48.7404551,16.7545863
102255725,48.8543293,16.8882987
102255741,48.9915363,16.6715121
102255776,48.9033907,16.8151916
102255806,48.9336642,16.4845317
102255814,48.9714227,16.6041058
102255857,48.8719626,16.7736838
103619321,49.0323941,16.8242212
103619330,48.9076626,16.7757423
108010414,48.9296273,16.5758117
108010422,48.9616246,16.5733354
108055655,48.7775963,17.0097688
102255369,48.9328594,16.8915857
102255440,48.8032577,16.6321159
102307971,49.1442684,17.8241586
102307750,49.1259547,17.6883182
102319014,49.199816,17.4903339
102307849,49.6474736,16.758042
102319472,49.2631663,17.7178338
108011101,49.2500038,17.751835
102307768,49.2773205,17.6250938
102307865,49.5573532,13.950849
102319006,49.1283426,17.7688804
102319171,49.226766,17.6667415
103019600,49.2421463,17.6642375
102319502,49.2056851,17.5877702
102319111,49.2346835,17.6598153
102307946,49.1211019,17.7291899
102319201,49.1009057,17.7537932
102319260,49.2040288,17.5444238
102319057,48.8009508,16.3782588
102319081,49.1093647,17.6684345
102307962,49.1567124,17.8470475
102319243,49.211324,17.5346259
102307911,49.2535828,17.89426
102319499,49.2131113,17.6334438
103019626,49.1727575,17.5163075
102319570,49.2266888,17.6970988
102307954,49.2604166,17.8253443
102307831,49.178195,17.5346063
102319383,49.1464475,18.013715
102319448,49.1710221,17.4715556
102319235,49.17297,17.5151913
102319391,49.2215051,17.8524125
102319308,49.0697672,17.9752145
102319537,49.22316,17.6675113
102319073,49.1658086,17.6487073
102319227,49.2559652,17.5658465
102319316,49.2494313,17.8089013
102319189,49.2212485,17.6819849
102319324,49.2550213,17.4950925
102319430,49.2998757,17.7911143
102109991,49.0831926,17.8839563
102319146,49.2856001,17.6847038
102319103,49.1077847,18.0703558
102307881,49.1584397,17.7021261
102307997,49.1637625,17.7477162
102319588,49.2301963,17.68267
102319022,49.1775082,17.9374247
102319375,49.5094912,15.8702651
102111570,49.214384,17.9208173
102307792,49.2162533,17.8035414
102307822,49.1404849,17.4976903
102307890,49.1371713,17.8123529
102307903,49.4680432,16.540633
102307938,49.2907775,17.7338375
102319031,49.281097,17.8770217
102319197,49.2304826,17.6820675
102319251,49.2170388,17.5109
102319278,49.0903776,17.883195
102319367,49.2546831,15.9241436
102319413,49.5970348,16.0411615
102319545,49.2072776,17.5975713
102319049,49.319059,15.226738
102319561,49.2278125,17.6751536
102307741,49.2210676,17.5873342
150077785,50.1664322,15.3826679
102391831,49.0230928,17.237016
048847721,49.0100643,17.1311617
102391203,48.9039526,16.9345463
102391386,49.6135807,15.2365892
102391793,49.0407321,16.9670645
000227901,48.9251541,17.1608388
048846856,48.9529326,17.3952481
048847127,48.9059813,17.01808
048847682,48.9796718,17.2081211
048847747,49.0111961,17.1346946
049418815,48.849775,17.1332575
049418823,48.8621189,17.1372601
049418831,48.8605451,17.1084238
049418971,48.8981635,17.3068919
049939840,48.9715632,17.2791329
102115109,48.8469623,17.3531783
102379882,48.9465319,16.9651081
102379891,48.9714693,14.7399791
102379912,49.6864955,15.0265313
102379921,48.8866619,17.3954635
102379939,49.3612977,15.4906681
102379980,49.1468868,16.5768919
102379998,49.0515261,17.0778252
102391009,49.8863943,14.4337325
102391017,48.8746064,16.9884982
102391025,49.0196402,17.0789339
102391068,48.8670999,17.2566881
102391084,48.9458651,17.1739354
102391106,49.394951,17.4196334
102391131,49.053884,16.994117
102391157,48.9467242,17.4659603
102391211,49.0449438,16.9178675
102391238,48.857212,17.0235957
102391289,48.8569272,17.1288629
102391343,48.9549308,16.993456
102391360,48.9078412,17.4169732
102391408,48.8597209,17.4887909
102391432,48.9049471,17.4617114
102391441,48.8343733,17.0649986
102391467,48.8164595,17.0510244
102391483,48.9545523,17.1529889
102391491,48.9893753,17.332004
102391521,49.0030513,17.0109334
102391530,48.8590845,17.6072586
102391556,48.8286211,16.9805101
102391581,48.8790326,17.1842425
102391602,48.8998571,17.3129256
102391645,48.9743762,17.0848161
102391688,48.9640286,17.0281152
102391700,48.8827446,17.5202893
102391769,48.9274178,17.3462999
102391807,49.0661476,17.0278888
108032418,49.0032853,17.0544314
108032515,49.0104456,17.1224867
102115222,49.5950652,16.735005
102379874,49.5745106,14.1025342
102379963,50.1480245,16.1081135
102443441,49.525937,15.7266613
102443483,49.2701869,15.479114
102443491,49.259578,15.3170025
102443505,49.4313382,15.7230191
102443521,49.3612977,15.4906681
102443556,49.2705404,15.4276809
102443581,49.2143546,15.5140108
102443629,49.4193528,15.5081395
102443670,49.3445822,15.4567996
102443700,49.4050896,15.6668169
102443777,49.3607313,15.6507327
102443785,49.4087906,15.4332394
102443793,49.3094578,15.6754543
102443815,49.3748126,15.700287
102443840,49.475698,15.4794576
102443866,49.1827603,15.4610559
102443874,49.1826328,15.4496624
102443921,49.1420123,15.5588766
102443963,49.4779421,15.6523914
102443971,49.9015074,14.5825485
102455082,49.4089615,15.5913638
102455112,49.4147288,15.5937026
102455139,49.3937609,15.5841528
103619461,49.3791447,16.0786689
103619470,49.3989445,15.5902217
108021211,49.3692983,15.4727745
108021238,49.450746,15.913841
108047610,49.4023228,15.6074824
108047628,49.4020891,15.6084602
108047636,49.4010421,15.5736656
108047644,49.388674,15.6004268
108047652,49.3944134,15.5783807
108047661,49.4854266,15.7194208
108047679,49.2871517,15.4746461
102455171,49.4186825,15.5925896
102140855,49.3769521,17.6699939
102140944,49.3422707,17.5270518
102140987,49.1872894,17.3033671
102141002,49.2030212,17.3828309
102142114,49.3681607,17.4421235
102142173,49.7037532,14.9704485
102519137,49.2995473,17.5408186
102519145,49.2708108,17.2337369
102519153,49.3774596,17.5863298
102519196,49.3000274,17.4036286
102519226,49.3720874,16.0387658
102519234,50.5612802,15.0356307
102519269,49.3469875,17.6846484
102519277,49.3940814,17.7035061
102519285,49.3298197,17.3348198
102519293,49.3500837,17.442053
102519307,49.3995299,17.6697088
102519323,49.4021545,17.6806113
102519358,49.3303699,17.5788299
102519374,49.3309131,17.5808728
102519382,49.329612,17.5631242
102519439,49.3181927,17.4715926
102519463,49.3642722,17.3661615
102519498,49.1061712,17.1626211
102519528,49.3744458,17.5133973
102519536,49.2990038,17.3972621
102519561,49.2991345,17.3850045
102519579,49.2997871,17.3915246
102519587,49.2899805,17.3973533
102519633,49.294613,17.4038176
102519668,49.2397109,17.4737387
102519676,49.1935648,17.2164046
102519684,49.2459956,17.2121486
102519714,49.1397165,17.2140902
102519731,49.4129761,17.8125812
102519757,49.2477159,17.2825855
102519773,49.228119,17.3206694
108020843,48.919367,16.1988822
108020851,50.1231741,13.6325913
108021084,49.3330069,17.4947837
108021106,49.2910066,17.3849347
108021114,49.2914745,17.6044187
181043076,49.0590827,17.2150066
102129487,49.5943639,16.97913
102129533,49.409021,17.0309298
102579911,49.4500155,17.1930896
102579920,50.0514992,13.6984005
102579938,49.6501563,16.8420507
102579946,49.4459194,17.001452
102579989,49.7366923,16.7093825
102591059,49.481015,17.1482069
102591067,49.4698449,17.0472
102591075,49.5511103,17.0377212
102591091,49.4642775,17.1795033
102591130,49.3257363,17.2253795
102591148,49.5160888,17.0946363
102591172,49.4739642,17.1077034
102591229,49.4695111,17.0958944
102591261,49.4803837,17.112876
102591270,49.4648122,17.107479
102591288,49.4733864,17.1190717
102591296,49.4503359,17.1655085
102591318,49.1492223,15.5755587
102591326,49.5554885,16.8349704
102591342,49.3705027,17.0904549
102591369,49.43326,16.8973813
102591377,49.549007,16.7907763
102591385,49.402918,17.2111296
102591415,49.5155689,17.0626364
102591458,49.3446793,17.209272
102591491,49.5361314,17.1642087
102591504,49.3885952,17.0710377
102591512,49.4652133,17.0165509
102591547,49.479966,16.834622
102591563,49.5194088,16.9305141
102591571,49.4304515,17.0729086
102591580,49.5080474,17.1999444
103031731,49.4744366,17.0954025
102579971,49.3847731,17.1785303
102591474,49.3277265,17.1724552
047438312,49.1075822,16.0588022
047438371,49.07043,16.1072363
047438487,49.0523907,15.8045161
047443456,49.0521404,15.8118847
047443774,49.0193312,15.5697967
102121648,49.129026,16.0816581
102655031,49.0218328,15.6666071
102655049,49.2546831,15.9241436
102655057,49.1209273,15.8182028
102655065,49.2003129,16.0647906
102655081,49.184355,15.7728667
102655090,49.1906844,16.2541136
102655103,49.2539299,16.0631136
102655120,49.2243334,15.6616655
102655138,49.0100291,15.6443687
102655146,48.8589785,15.9060579
102655154,49.0667438,15.7683194
102655162,49.0033567,16.3103769
102655171,49.1998954,16.2018584
102655189,49.3147335,15.7926915
102655197,49.1906108,16.0411062
102655201,49.2175343,15.8742798
102655219,49.0810272,15.7611969
102655243,49.0809441,16.1915279
102655251,49.1535606,15.9771884
102655260,48.9856084,15.7008992
102655316,49.0701335,15.8713286
102655324,49.2976369,15.8673327
102655359,49.0176287,15.7734531
102655367,49.1969555,15.8264902
102655375,49.1422731,15.8760696
102655383,49.2600013,15.7779972
102655391,49.1028908,15.9845571
102655405,49.0832344,15.6955734
102655421,49.0544328,15.6581313
102655448,49.1443034,16.035687
102655456,49.2882177,16.0939534
102655464,49.198286,15.673724
102655481,49.1688284,16.1936861
102655499,49.1522142,15.7724036
102655502,49.219728,15.8764726
102655529,49.2196976,15.8965367
102655537,49.2066903,15.8788489
102655553,49.208528,15.8660627
102655561,49.2139608,15.8778329
102655634,49.1141217,16.1902193
102655651,49.2094866,15.9894444
102655677,50.2572113,15.3353585
102655707,49.2894334,15.9488741
102655740,49.1715259,16.090192
102655766,49.2712324,16.0037319
103019740,49.2227302,15.8833871
103619500,49.2308314,15.7305449
108026019,50.2725454,14.9124253
119000482,49.2191883,15.9023041
060419164,49.1449884,15.6707385
102655022,49.20262,16.125992
044065809,49.2076034,16.1591164
044065868,49.2113994,16.1454003
047443669,49.0946156,15.8897348
048526096,49.2437188,15.7713465
000395404,49.1309532,17.4361903
000836397,48.9713428,17.5884268
046956581,48.9029251,17.7092263
046956735,49.1046626,17.3928875
046956786,49.0996498,17.549607
046956981,49.0862563,17.342175
046956999,49.0562306,17.2504462
048505498,48.9877423,17.7155659
048506109,48.9723051,17.6487038
102731438,48.9691871,17.7709202
102731446,49.0985474,17.5167082
102731454,49.1437437,17.4518593
102731471,49.058373,17.5786996
102731497,49.106629,17.4656561
102731501,49.0861838,17.5358687
102731519,49.0302535,17.3772082
102731543,49.1904244,16.7208449
102731551,49.1062167,16.6157441
102731560,49.1218671,17.5443354
102731578,48.9700308,17.7139761
102731594,49.0646663,17.4802375
102731616,49.0739594,17.3793824
102731624,48.9937945,17.800724
102731632,49.0267122,17.7809774
181086093,49.9040777,13.8830074
102731659,49.9040777,13.8830074
102731675,48.9332935,17.6238886
102731683,49.1162598,17.4278761
102731691,48.9324643,17.6792002
102731705,49.0109413,17.7505052
102731730,49.0212754,17.8831218
102731748,49.0313888,17.624785
102731756,49.0357251,17.6820495
102731764,49.0853038,17.4939488
102731799,49.1242328,15.7688528
102731829,49.0393913,17.8061413
102731845,49.0625776,17.3510075
102731861,49.1213841,17.5803418
102731896,48.9881826,17.5276523
102731934,48.9769843,17.4685218
102731942,49.0029938,17.436475
102731969,49.0338994,17.3406375
102731977,49.0644651,17.6417108
102731985,48.965861,17.8627599
102743011,48.9918961,16.4372143
102743037,49.0668394,17.4604403
102743061,49.0773738,17.4349137
102743088,49.0842692,17.3698271
102743096,49.0677235,17.4725576
102743118,49.068345,17.4491813
102743126,49.0383376,17.4629125
102743142,49.0262157,17.6454505
102743169,49.0267988,17.6536488
102743177,48.9870875,17.398575
102743207,49.0099715,17.5819505
102743266,49.0321038,17.6430463
108011216,49.1111793,16.5232869
108011224,49.05897,17.478465
108011291,48.9325504,17.5662561
108011402,49.0444088,17.4717325
102807060,49.1468637,16.9440062
102807507,49.2770555,16.9963683
102791945,49.0535094,16.8367623
102791970,49.1947426,16.9433776
102791988,49.2328343,16.8782868
102791996,49.2304194,17.000362
102807001,49.1403907,16.914335
102807019,49.2880125,17.0671305
102807027,49.1292013,16.833477
102807043,49.0927723,16.8852303
102807051,49.2163459,16.9067818
102807086,49.1758321,16.9633337
102807094,49.0827458,16.854249
102807132,49.1680577,16.9207357
102807159,49.1511058,17.0809468
102807167,49.1095369,16.9016869
102807183,49.8825406,15.1023803
102807191,49.2363526,16.9642969
102807256,49.2913352,14.8034543
102807272,49.1769614,16.8489538
102807281,49.2467125,16.9135111
102807299,50.2025083,14.2929588
102807302,49.2785458,17.12371
102807311,49.2828178,17.0048795
102807353,49.1567289,17.1299645
102807361,49.1550825,17.0011786
102807370,49.1547375,16.9991876
102807388,49.4680432,16.540633
102807396,49.3043356,17.0952799
102807418,49.1404869,16.8271171
102807426,49.0846748,16.8121628
102807469,49.2047097,16.879168
102807477,49.1554139,16.8776352
102807485,49.1567382,16.8805253
102807531,49.2995764,16.9809825
103019758,49.2772198,17.0060566
102100101,49.1040217,16.9477164
102807116,49.2569514,17.0904647
102807175,49.2582406,17.0572421
102807337,49.3447183,16.8332127
102807345,49.2161981,17.0651588
102807442,49.3225148,17.0279229
102807493,49.1173086,16.8026695
102807515,49.2811051,16.9803546
102807523,49.2751675,16.9837201
181093693,48.876589,16.0765095
102843805,49.0557654,16.2267335
102843813,48.9236568,16.0255486
102843830,48.9543042,16.1621102
102843848,49.0185896,15.8948929
102843872,49.0033567,16.3103769
102843881,48.857214,15.9732187
102843953,48.9038836,16.2552299
102843961,48.9714933,15.898675
102843970,48.9644284,16.2247985
102843996,48.7962155,16.1722533
102855005,48.9359697,15.8308706
102855013,49.033745,16.1031618
102855030,48.9190187,16.43754
102855056,48.9008228,16.0635066
102855072,49.0202855,16.3770785
102855161,48.9500554,16.2593131
102855188,48.7981613,16.3915938
102855196,50.0790829,15.728361
102855331,48.8487476,16.086585
102855412,48.9214957,15.986323
102855421,49.0115976,16.463072
102855439,48.922426,15.8709526
102855480,48.9363277,16.1828107
102855501,49.0000208,15.8352074
102855510,48.8368673,16.2887534
102855536,48.7720718,16.3012013
102855552,48.7520911,16.3813119
102855595,48.8301397,16.398366
102855625,48.755769,16.2339964
102855650,48.9771851,15.9868354
102855684,48.9388693,15.6138082
102855692,48.9567244,16.0952916
102855706,48.948652,16.3111124
102855722,49.0492698,16.3115273
102855749,48.9848041,16.4023938
102855765,48.9027025,16.191965
102855773,48.7848512,16.4144103
102855803,48.7931741,16.0099232
102855820,48.8360958,16.1555848
102855838,49.0219707,16.2572537
102855854,48.8965464,15.8097149
102855889,48.863602,16.0454985
102855901,48.8601725,16.0414985
102855919,48.8528895,16.0542205
102855943,48.856738,16.0576413
103019774,49.0468907,16.3023991
103019782,48.9867611,16.1954191
103619771,48.99129,16.3572487
103619780,49.7526389,14.2058991
103619798,48.9430563,16.3631986
108012018,48.8807701,16.0328788
108012026,49.0291682,16.4376641
108037258,48.9206172,16.3917784
108037398,48.8837108,15.9766364
102855463,48.9824147,16.1502546
102855226,48.8770372,16.2011771
102855382,48.8699232,16.3417497
102931534,49.5325638,15.8058415
102931887,49.5052471,16.3468326
102931895,49.6074951,15.9163345
102931925,49.4755967,16.1184781
102931941,49.4792115,15.8758191
102931968,49.5186013,16.25762
102931976,49.5228563,16.2556463
102931984,49.3609921,16.3587072
102931992,49.4660342,16.2068609
102943010,49.6891826,15.9942663
102943028,49.6336788,16.22051
102943052,49.3909414,16.1016367
102943061,49.3940213,15.8840788
102943079,49.4570501,16.3337065
102943087,49.5623301,16.0744688
102943095,49.564335,16.0719225
102943117,49.5202731,15.9056317
102943133,49.3250983,16.1681302
102943168,49.4619289,15.9651086
102943192,49.5777881,16.3631074
102943206,49.658456,16.0834185
102943214,49.4249548,16.2027474
102943231,49.7085351,16.0271388
102943249,49.2911433,16.2266144
102943273,49.5808517,15.8362896
102943281,49.3524301,16.0149113
102943338,49.5642203,15.9340053
102943346,49.5652807,15.9344978
102943354,49.562608,15.9433737
103055312,49.3474875,16.0068288
102931402,49.5679071,16.2366554
102931445,49.5915559,16.2404292
102931453,49.4290528,16.3483396
102931461,49.6304118,16.0443294
102931526,49.4129102,15.9506487
102931551,49.5349108,16.0830668
102931577,49.5640066,16.0349919
102931593,49.5711085,16.1236867
102931615,49.4212179,16.2902978
102931658,49.5084458,16.0850382
102931682,49.5129928,16.0638545
102931691,49.8717573,14.896712
102931712,49.6346722,15.9259334
102931721,49.3326927,16.2787567
102931747,49.3804964,15.96834
102931755,49.3554996,16.0121507
102931763,49.3407713,15.9907027
102931771,49.3224834,16.1226923
102931801,49.6161411,16.1699427
102931810,49.5575662,16.3235683
102931828,49.6794545,15.8782847
102931852,49.5660235,15.9016868
102931861,49.6205305,15.9552132
102931879,49.3554996,16.0121507
103055304,49.4944447,16.1748438
108027554,49.5787979,16.1875119
119400553,49.3945559,16.0638001
119400561,49.6866369,16.0649243
102931542,49.5272295,16.1223465
108027562,49.612445,15.827376
102931518,49.4400114,16.1430828
102931623,49.4873065,15.9898348
102931631,49.3481149,15.8784604
108027228,49.6076627,16.2456811
102931640,49.526421,16.3953324
102931666,49.5202165,16.2000968
102931950,49.4254572,16.024663
102008019,50.0635625,17.6290411
102008043,49.977876,17.3231489
102008051,50.1116045,17.5995213
102008060,49.8308256,17.3152141
102008094,50.0215781,17.3118481
102008124,49.8787868,17.3578312
102008141,50.2047485,17.689208
102008175,50.0471497,17.7450967
102008205,49.9458744,17.6744653
102008213,49.404466,16.413603
102008248,49.9916413,17.4602863
102008281,49.9857551,17.4582363
102008299,49.9155838,17.374355
102008337,49.8322213,17.5455913
102008353,50.157076,17.485502
102008396,49.9705938,17.6029225
102008434,49.9084482,17.2111153
102008469,49.6445947,17.7482368
102008507,49.1773498,17.5852716
102008531,50.0921363,17.7039788
102008582,50.0909075,17.6998888
102008663,50.0937976,17.690385
102008728,50.0908688,17.71337
102008736,50.0078615,17.626404
102008761,50.1622701,17.5761388
102008779,49.7957288,17.4437488
102008787,50.2713301,17.7134638
102008809,49.9313036,17.531996
102008876,49.9336775,17.271735
102008914,49.9584017,17.2377249
102008957,50.0608138,17.3890959
102008990,50.2052342,17.5749245
102020078,50.0341304,17.5929552
103480340,49.98766,17.4685525
102008035,49.8343133,17.4015875
102008086,50.0730874,17.3066265
102008159,50.0184657,17.3645897
102008167,50.0545373,17.4881422
102008264,49.9890738,17.456835
102020019,50.1201413,17.380615
060043792,49.6980352,18.2198906
048772569,49.7175887,18.4098489
102068801,49.5864402,12.9947784
102068810,49.5864402,12.9947784
102080313,49.7321319,14.667401
102080348,49.7321319,14.667401
102080402,49.5487297,18.3375869
102080429,49.6738284,18.4139273
102068607,49.6603922,18.4922636
102080453,49.7098311,18.4773505
102068836,49.5481983,18.7058511
102080461,49.6667685,18.2232057
102080569,49.6708676,18.3496112
102080755,49.6928375,18.345585
049562291,49.6808775,18.3624313
102080623,49.7106576,18.3282231
102080542,49.6713063,18.3402413
060046121,49.6789825,18.34107
102068640,49.685635,18.3483416
102068666,49.5663586,18.3324644
102832404,49.5929338,18.3544938
102092001,49.6822843,18.5412827
102068780,49.7496509,18.4367722
102068844,48.7731024,16.2717745
102092290,49.6238084,18.2218883
102068631,49.6567226,18.2799263
102080933,49.5772727,18.7693464
102068879,50.474596,13.4257639
102080828,49.6213598,18.4065695
102092036,49.4649899,13.5828274
102080186,49.7305888,18.2332049
102068895,49.7164003,18.4496165
102080178,49.6066569,18.3391124
102092061,49.5960703,18.5247134
102092133,49.5275936,18.7541357
102080992,49.5868285,18.7585565
102068852,49.5864938,18.7571063
102068615,49.6606723,18.426381
060801701,49.6561015,18.7567275
102092192,49.6346717,18.3150758
102092222,49.7327203,18.2894793
102068887,49.3089887,14.147769
102068674,49.6133003,18.3616224
060045990,49.6197465,18.472864
102080216,49.736125,18.3172233
061963607,49.8938784,16.2748132
102068739,50.3065251,14.9610465
102068933,49.7248905,18.4661906
102092311,49.7295732,18.1866179
102080780,49.6699738,18.3633138
102080151,49.6868476,18.273095
102068755,49.4408195,16.2553907
061955647,49.7861673,18.3759409
102068763,49.7127232,18.5291523
000847097,49.6748775,18.6668775
061955612,49.6627325,18.6874525
000847135,49.6791088,18.6866475
061955531,49.6665876,18.6725163
000847119,49.662236,18.6748141
102092681,49.6822451,18.6703963
102080062,49.7550391,18.3722019
102092699,49.6666154,18.7130749
047861665,49.7696288,18.317455
060803550,49.6786475,18.3351325
102068593,49.5856503,18.7194293
102080127,49.6458449,18.3723334
102092168,49.5381161,18.3931771
102092711,49.7724813,18.30724
102080691,49.678375,18.364325
060045965,49.6845263,18.3539075
102068925,49.7087771,18.3042074
102092338,49.4726546,18.4463082
102068577,49.5856503,18.7194293
102068712,49.6581632,18.5276332
102068861,48.7731024,16.2717745
102080224,49.6822843,18.5412827
102080275,49.6666154,18.7130749
102092044,49.5432079,18.2747022
060046104,49.692395,18.3505325
102156328,49.8779588,18.42575
047655607,49.9019594,18.420927
048004201,49.8737193,18.431109
048004219,49.8712876,18.4186963
048004286,49.7867613,18.5299188
048004472,49.8671513,18.5287113
048004511,49.8568138,18.5542125
048004529,49.8514801,18.5628538
048004537,49.8595203,18.5361889
048004545,49.8475176,18.55685
048004693,49.7316363,18.6172838
048805271,49.7818374,18.4211574
048805289,49.7640654,18.4085888
048805424,49.7722551,18.4536613
048805475,49.7974238,18.3963474
048805491,49.7436881,18.6256577
048805513,49.8013213,18.4151988
102156204,49.7860663,18.5260925
102156239,49.7653106,18.5949413
102156298,49.7718313,18.4755688
102156476,49.8982613,18.4255863
102156506,49.7663884,18.4420362
102156531,49.8588022,18.4801908
102156549,49.8169885,18.5250675
119701243,49.8169885,18.5250675
102156581,49.905478,18.3504357
102156603,49.9032863,18.3525813
102156611,49.9048526,18.3601563
102156638,49.9023675,18.3790213
102156646,49.8982188,18.33656
102156697,49.7440138,18.61807
102156727,49.8942584,18.4605013
102156778,49.7854588,18.4258549
102156794,49.7860751,18.4319388
102156816,49.7788438,18.4454138
102156841,49.7763963,18.441075
102156891,49.7977888,18.4034525
102156905,49.7954763,18.4083824
102156913,49.7948481,18.4579345
102156948,49.7968888,18.483785
102156964,49.776139,18.4612706
102156981,49.7798199,18.4545478
102168008,49.7978938,18.4821887
102168083,49.859595,18.5433275
102168164,49.867995,18.558225
102168172,49.8689788,18.551285
102168202,49.8527301,18.5449175
102168245,49.8508413,18.41628
102168318,49.8686361,18.4264219
102832749,49.8753454,18.4268326
102832765,49.7536763,18.4911625
102832803,49.8529765,18.5653833
103144650,49.8784134,18.4383236
108020207,49.8028888,18.4171713
102113378,49.6057436,18.1383526
102232326,49.6101089,17.9477758
102232342,49.5343584,17.9974005
102232377,49.6005141,18.0755384
102232482,49.6829913,17.9734638
102232555,49.7895939,18.0893529
102232571,49.598913,18.1452134
102232580,49.6132582,18.1030048
102232601,49.6918563,17.7949888
102232628,49.6374611,17.8801402
102232636,49.6286902,17.8666652
102232644,49.6891917,18.1318889
102232661,49.7018858,18.0955719
102232687,49.5699873,18.2214789
102232733,49.5203949,18.2380031
102232741,49.8260676,18.1278125
102232792,49.6337712,17.989647
102232822,49.5921025,17.9935788
102232849,49.5976976,18.0153538
102232865,49.5923375,18.0100775
102244057,49.5442611,18.2154578
102244090,49.7149488,17.9093488
102244243,49.5995288,18.1378916
102244286,49.5377275,18.05802
102244456,49.6368289,18.1389829
102244561,49.6535601,17.9329463
102244669,49.539165,18.1142521
103480188,49.8059238,18.0724913
102244162,49.589013,18.1388128
102244341,49.6650502,17.8366326
102244511,49.7128551,18.042785
102244618,49.5872788,18.1219725
102832935,49.5968125,18.0160225
102113386,49.598913,18.1452134
102232440,49.0196479,16.0183486
102232547,49.6119412,17.9052561
102232679,49.7005076,18.0037267
102232717,49.7927259,18.0142788
102232750,49.657775,18.0875698
102232920,49.6060238,18.0062325
102232954,49.6688413,18.0546068
102232989,49.7592063,18.0224313
102244014,49.7545813,18.0180738
102244022,49.5470652,18.2069302
102244073,49.7151463,17.9019475
102244120,49.5385617,18.0236738
102244138,49.7539958,18.1306303
102244201,49.6000829,18.1441876
102244278,50.0078615,17.626404
102244332,49.6642043,17.8272952
102244391,49.8310682,18.3898338
102244481,49.7041054,17.7224064
102244529,49.71957,18.0765874
102244545,49.7123313,18.0522263
102232598,49.7136768,17.8053349
102244502,49.5770392,17.9601825
102232423,49.7571201,18.082755
102232474,49.7504394,18.0439367
102232512,49.7033134,17.9725284
102232652,50.0327438,15.4610188
102244154,49.7916275,18.1269042
102832501,49.6396157,18.1507422
108022013,49.5571246,18.0472431
108022030,49.5637085,18.1072205
102308349,49.7088257,17.3932563
000849324,49.7044001,17.0816838
045213071,49.7694113,17.1225238
047654546,49.5501995,17.3339503
047657022,49.57791,17.2355729
047657162,49.5926145,17.2716726
047657189,49.5881055,17.231886
060338571,49.5948133,17.2451802
060780843,49.5939742,17.3567472
102308675,49.5901625,17.2740532
102308705,49.5725809,17.2962678
102308811,49.5891263,17.2395739
102308896,49.5979949,17.2293673
102308900,49.6022288,17.2592676
102320004,49.5810026,17.2436444
045238685,49.6019015,17.0679049
060338598,49.5926769,17.2894081
102308284,49.5362482,17.1935195
102308306,49.4610853,17.287947
102308373,49.7190091,17.0864787
102308390,49.7013305,17.0758784
102308411,49.5025155,17.33389
102308446,49.796212,17.2231017
102308462,49.815562,15.5359341
102308501,49.5671778,17.4114741
102308667,49.6482562,17.1492128
102308756,49.568927,17.2336613
102320071,49.5958061,17.2508252
102320110,49.5784245,17.2580436
102320128,49.6065988,17.2321767
102320152,49.7181105,16.9816062
102320357,49.6174112,17.3930992
102320471,49.7212875,17.1618172
102320616,49.6832863,17.2243
102320667,49.7267158,17.2934359
102320683,49.7262238,17.2960013
102320691,48.922426,15.8709526
102320721,49.8172471,17.0810755
102320756,49.0309656,16.5318317
102320772,49.5412342,17.4269805
102320837,49.7738675,17.1155088
102320845,49.7694713,17.1118563
103480323,49.5835872,17.4453455
108033902,49.8346481,17.077313
108033996,49.5747138,17.2529732
119901013,49.616573,17.3294979
000849251,49.6612307,17.2870172
045238782,49.70173,17.0777413
102308276,49.6740082,17.2694444
102320098,49.6069746,17.2793782
102320560,49.6249188,17.0900125
102320632,49.723815,17.3031138
102308471,49.1242328,15.7688528
102308730,49.6299383,17.3418152
102432597,49.9442363,17.9098288
102420891,49.872745,18.2066275
102420904,49.9202963,18.2022075
102420858,50.0161613,17.7464788
102420882,49.8357431,18.0883331
102420939,49.85524,17.8433175
102432007,49.9028688,18.0294638
102432015,49.8989626,17.9846425
102432023,49.9788688,17.85945
102432031,49.9171401,17.86948
102432074,49.8155595,18.0180273
102432091,49.9391413,18.2241838
102432104,49.9066913,18.1509938
102432112,49.946685,18.1931
102432121,49.9994428,18.002369
102432147,49.9091238,18.235065
102432155,49.9147175,17.9678413
102432171,49.9579763,17.9674013
102432295,49.8945751,18.1914591
102432376,49.8927229,18.2374742
102432414,49.9930063,17.9643975
102432465,49.9216863,17.9160888
102432481,49.9416313,17.9154975
102432520,49.9437938,17.8950987
102432538,49.9458075,17.9151
102432546,49.9317501,17.8835563
102432554,49.9317401,17.905235
102432571,49.9340313,17.89737
102432589,49.9374667,17.8924698
102432651,49.8901219,17.9401937
102432678,49.91943,17.8349438
102432724,49.9593638,18.0395375
102432741,49.9153975,18.013185
102432767,49.9787175,17.7260863
102432775,49.9331094,17.9732364
102432163,49.93736,17.9452738
102432198,49.9525669,18.0877157
102432252,49.8973589,18.0981358
102432279,49.898936,18.1937034
102432368,49.934145,18.00795
102432635,49.8501463,17.9994938
102432708,49.9291331,18.2700162
000601900,49.7753726,17.7599363
102432791,49.7777538,17.7574763
102432180,49.942705,18.1269134
102432261,49.9032751,18.1927425
102432287,49.9437338,18.2412913
102420947,49.8815877,18.0543817
102420955,49.3125146,15.2606127
102420971,49.9035356,17.7473619
102420998,49.9243898,17.7278569
102432066,48.9137172,16.1665148
102432082,49.7805079,17.8204508
102432201,49.9040777,13.8830074
102432210,49.7972845,17.628062
102432236,49.9230788,18.1163588
102432333,49.9914778,18.1197853
102432384,49.8499267,17.7577991
102432406,49.9043477,17.714621
102432601,49.9762953,18.1897088
102432660,49.8187471,17.9104879
102432686,49.937084,17.8054682
102432694,50.0301804,18.0679274
103480242,49.9884688,17.9950202
120004534,49.9950138,17.8050538
102432317,49.8724638,17.8773625
102432350,49.9898746,18.0490203
102420912,49.8796113,18.1393025
102420921,49.8878063,17.8818988
102420963,50.0021355,18.087586
102420980,49.89741,17.7832913
102432139,49.9295338,18.0358125
102432562,49.9458413,17.9038688
102432759,49.8652713,18.0955125
120100576,49.8388394,18.1803155
102508259,49.8766613,18.2584025
102508283,49.8475334,18.2112883
102508755,49.7802732,18.2590992
102508909,49.7729015,18.2838985
102508968,49.7881822,18.2319084
102520216,49.8314749,18.1739353
102520224,49.8302229,18.1731829
102520291,49.8251613,18.1899045
102520330,49.8247232,18.1927459
102520381,49.8432038,18.1757163
102520437,49.8452913,18.1794138
102520496,49.8458583,18.1620172
102520585,49.8404541,18.1190162
102520593,49.7912591,18.1705219
102832625,49.8190677,18.1886834
150024975,49.8238522,18.1804071
102832676,49.8238522,18.1804071
102832706,49.80093,18.2406564
102832722,49.8398079,18.1664383
102844186,49.8064229,18.2316445
108034097,49.8547695,18.2271293
102492981,49.7543976,18.1994088
102508046,49.8458509,18.2792091
102508097,49.8566112,18.2695696
108034127,49.7802516,18.247422
102492999,49.754335,18.2535047
102508071,49.8391295,18.2899211
102832951,49.8255889,18.2766128
102508801,49.7800528,18.2643181
102508984,49.7914601,18.2252582
102520151,49.7642495,18.2382618
102832650,49.781186,18.2207608
102508011,49.8419932,18.2848174
102508143,49.8282248,18.2693948
102508208,49.8468996,18.2648492
102508313,49.8455091,18.2955096
102508445,49.8521107,18.3009023
102508526,49.8127249,18.2695832
102508569,49.790455,18.2589645
102508640,49.7863094,18.2519703
102508666,49.7869912,18.2614191
102508917,49.7961588,18.2582947
102508941,49.7928786,18.2407247
102520135,49.7764926,18.2272762
102520208,49.8263118,18.1650459
102832986,49.7764744,18.2581892
130000302,49.7714362,18.2525704
102508119,49.8385346,18.2655224
102508160,49.8339184,18.258069
102508348,49.8493491,18.3194215
102508399,49.8448062,18.3486565
102520232,49.8298075,18.177747
014618141,49.5511657,17.7325268
014618575,49.5523288,17.7278388
047184370,49.6393166,17.6518557
047858052,49.4491223,17.4600239
047858354,49.4581241,17.4429391
060782358,49.4549196,17.4656325
102592985,49.5532588,17.7350313
102608067,49.5312851,17.866945
102608113,49.4946551,17.3744053
102608521,49.4274096,17.2895802
102608555,49.4323797,17.3504034
102592705,49.4440806,17.5065159
108013626,49.3801865,17.4889579
043541496,49.5490963,17.6951425
102592624,49.5255043,17.467949
102592799,49.4915446,17.4806417
102592837,49.3578722,16.5161776
102592713,49.4208077,17.4295902
102592811,49.4781117,17.5188408
102608563,49.3592531,16.4971938
045180083,49.4677026,17.4409868
049558862,49.4505159,17.464855
102592632,49.5477743,17.6248997
102608466,49.4781119,17.6487558
102592578,49.8256129,16.2546132
102592951,49.4154869,17.4633434
120201658,49.6445947,17.7482368
043541712,49.5115706,17.5282197
044940351,49.5290448,17.5981108
045180091,49.4541136,17.4607186
047184213,49.4867889,17.3364558
108013952,49.4186749,17.5050464
047858311,49.4595971,17.4499279
102592942,49.4243966,17.5987835
102608105,49.351367,17.3046439
044940343,49.5263242,17.5796731
045180059,49.4528524,17.4463654
102592781,49.3917309,17.2591676
102608075,49.3512831,17.3014053
102592586,49.4280847,17.5448737
108014088,49.7800038,16.9243713
102028826,49.8697101,16.8780375
102668345,49.9337484,16.8936741
102668353,50.0099611,16.9043329
102668370,49.1492223,15.5755587
102668388,49.6555138,13.943888
102668396,49.8948849,16.9682031
102668426,49.8454502,16.9538456
102668442,49.952639,16.8118385
102668469,49.9809972,16.8778195
102668485,49.9312145,16.7947334
102668493,50.3663452,16.1809504
102668507,49.6445947,17.7482368
102668566,49.8696276,16.9322638
102668591,50.0602888,16.4820721
102668612,49.7988651,16.782843
102668647,49.7569362,16.9604209
102668744,49.9199422,16.8391713
102668752,50.0093485,16.9496224
102668914,49.8290438,16.961281
102668922,49.9140046,17.0360593
102668990,49.8599135,17.0153148
102680086,49.9451754,16.9216927
102680116,50.0744537,16.9311586
102680272,49.8767927,17.0826615
102680311,49.7454751,16.93052
102680353,49.7790925,16.9165675
102680426,49.9083985,16.9149545
102680442,49.9793788,16.8779838
102680507,50.1613713,16.9465425
102680531,49.9190251,16.9451631
102680540,49.9610488,16.7655975
102680582,49.9713433,16.9802604
102680639,49.9665096,16.9926974
102680655,49.9704866,16.96897
102680663,49.8028238,17.013485
102680698,50.0420588,17.0508675
102680736,49.88385,16.8686075
102680809,49.88384,16.8789163
102680825,49.8871963,16.8812463
102832978,50.0716024,17.0904492
102844950,49.9711294,16.9562775
108014312,49.8747685,16.8474481
102668400,49.9761294,16.8378734
102680591,49.9630234,16.9737513
108014304,49.2724284,16.0603844
000851761,49.4678488,17.9758588
000851779,49.4762688,17.9714492
044740972,49.5203958,17.9298913
045211345,49.4686763,17.9697275
045211353,49.4719601,17.9756412
045211451,49.4729425,17.9666863
045211515,49.2624491,17.9963591
045211582,49.4753282,18.0439053
045211604,49.4414233,18.0935866
045211744,49.3369685,18.1979346
045211761,49.4652376,18.1431213
047658517,49.3036454,18.0606232
047659262,49.3336421,18.1296681
048773689,49.4146817,18.1101768
048773824,49.431264,18.2141269
048773981,49.4549771,18.1941873
060990368,49.3304438,18.00472
060990376,49.4582613,18.1373875
060990392,49.3546749,17.8694385
060990406,49.3342588,18.01111
060990422,49.3931971,17.994751
060990449,49.341657,17.9844483
060990457,49.3304076,17.9890563
060990465,49.3396376,18.0037645
060990511,49.3835517,17.9502069
102100861,49.4923671,17.8653869
102100900,49.6133003,18.3616224
102100918,49.4657438,18.1291313
102768072,49.4609269,17.8930607
102768099,49.3031744,18.0903679
102768102,49.4957473,17.8986127
102768111,49.4445293,17.9658622
102768129,49.3821078,17.8857845
102768137,49.0419231,17.466194
102768153,49.2842014,17.9987442
102768161,49.413515,17.9250573
102768196,49.2289331,17.9651884
102768200,49.4360928,18.2519953
102768218,49.171837,18.0963053
102768234,49.6002625,16.5022402
102768251,49.443411,18.185181
102768269,49.2609681,18.077832
102768285,49.2132697,18.0513069
102768293,49.14352,14.9155653
102768315,49.2017418,18.1117479
102768439,49.4321611,18.2885902
102768463,49.1814895,18.0621791
102768587,49.4786945,17.8154631
102768609,49.2912841,17.9217685
102780056,49.3606361,18.2835533
102780269,49.4698238,18.0901925
108033376,49.4571123,18.1481989
108033392,49.3040992,17.957215
108033414,48.9656205,15.6303894
108033597,49.3533269,18.2305846
108033601,49.4681738,18.1378575
102020094,50.2562851,17.3975875
102028893,50.2226225,17.20062
102668337,49.675344,15.1271697
102668728,50.3293351,17.2011518
102668817,50.3088146,17.0805908
102680027,50.2978325,17.2550947
102680060,50.1318638,17.2158062
102680132,50.3914313,17.0045413
102680221,50.2493788,17.218085
102680299,50.2282208,17.1381477
102680337,50.2986187,17.322241
102680671,50.2833765,17.0976172
102680710,50.3713813,17.1872875
102680833,50.3078163,17.0991713
002050854,49.9154,13.9791637
047515996,49.8084501,13.8565588
047558130,49.8255501,14.0421788
102317003,50.3616368,14.1238551
102317313,50.4528487,14.377805
130001902,50.1076638,14.4406077
130001376,50.124566,14.4592314
014891221,50.1248016,14.50219
110026012,50.1130759,14.6108864
130002381,50.1021163,14.5039571
110025725,50.0912572,14.5035854
000497070,50.0092655,14.4631838
102814350,49.7687402,14.6970248
046414991,50.2335301,14.0866188
107820064,50.1565815,14.1298012
000177032,50.0351677,15.1948352
000640930,50.3455988,14.481345
107820251,50.4151757,14.9036035
014451026,50.191743,15.0397139
110028201,49.6850341,13.9984287
110021355,49.6850341,13.9984287
108051692,49.6903124,14.0116738
007820186,50.1036688,13.7200743
000513156,49.037012,14.4200354
000073130,49.1929515,14.4491147
000510874,48.9722315,14.5066655
000582336,48.987284,14.4792764
060077590,48.9823964,14.4749464
000583855,48.8347435,14.4658937
107830086,49.0816634,15.4516698
107830019,48.7643361,14.9596555
130002372,49.4406697,14.3693951
060650478,49.1667056,13.8858185
012907731,49.3755396,14.7049709
000376469,49.5270159,12.9429426
130002046,50.0642817,12.3846885
000523925,49.7459408,13.3489101
049766929,50.1812469,12.6465457
000520110,49.7955449,12.6329861
110027795,50.7750092,14.1916372
000556807,50.7744188,14.1968879
130002054,50.4596955,13.3935271
130002089,50.7588645,15.0391073
107850451,50.7843501,15.0456318
014451042,50.3550347,13.7996121
108006891,50.4839129,13.6496998
130002241,50.5953054,13.5838052
102000638,50.6423707,13.8252787
130001767,50.6669617,14.0790129
000179434,49.6657199,15.4022769
107860937,49.6059383,15.5872033
000175790,50.2238458,15.8603933
013582259,49.9559972,15.782784
130001732,50.4269517,15.5808307
013582909,50.0687438,15.9908588
130001180,50.0593366,15.6971592
130002135,50.6011075,15.3365313
107860678,50.6813083,15.405772
102037680,50.5327507,15.3691611
049314785,49.9536483,16.1723506
130001694,49.9514328,16.1508342
000226475,49.1869627,16.652676
015530213,49.2252928,16.5808793
130002160,49.1731772,16.5975365
108040909,49.2195288,17.6684275
110500326,49.0943363,17.749945
130001422,48.8574851,17.1131569
108047695,49.3948991,15.5830244
107870347,49.3021359,17.3800971
130002542,49.0254146,17.6349159
130002186,49.1563102,16.880413
108012654,50.0876751,17.6846563
000100340,49.5742863,18.7655688
007880103,49.4420083,18.4531685
013643045,49.7973088,18.4104588
130001341,49.7411975,18.6153988
130001601,49.7941347,18.4590405
130001597,49.8676746,18.5374913
130002330,49.5430882,18.2123942
130002437,49.7851938,18.2511253
130001333,49.8214461,18.1906339
013644327,49.8252963,18.27283
130001678,49.79757,18.2673905
130001457,49.5238834,17.5742078
130001546,49.4547121,17.4532545
130001538,49.4367056,17.4559348
130002445,49.9639835,16.9713849
130002216,49.7449432,16.9281353
130001473,49.4636689,17.9674958
110011066,50.046716,14.3579589
061385581,50.0764523,14.397612
048134368,50.0764523,14.397612
102301662,50.107932,14.5409914
061385425,50.064739,14.4543649
181080541,50.4103726,14.9202142
150010010,50.4171426,14.9099725
102602417,50.0954158,13.4714789
110028309,50.097192,13.4694408
102263639,49.0118841,14.0058819
049777645,49.7818491,13.3808183
049777629,49.7280027,13.404863
110003098,50.7707548,15.0656401
110025873,49.2260123,16.6061932
102832412,49.5930151,18.3599225
102520640,49.8307217,18.2526811
060812885,49.7740196,18.2816934
181069288,49.332185,18.0014938
102780447,49.3321663,17.9982088
181127504,49.4722113,17.9652638
102780412,49.4631734,17.9770352
110550803,49.9319201,17.8750963
181016672,49.9392895,17.8920167
110006038,49.9399226,17.8944013
102508585,49.7887424,18.2694459
110550731,49.8359288,18.1678788
061385476,50.0975075,14.4220222
000638196,50.0652454,14.4547727
110037529,50.1345963,14.0973363
000391107,50.7287938,15.165645
102454299,50.6060711,15.5058786
108052974,50.1624701,14.7509175
181023482,50.1624701,14.7509175
110250249,49.4888054,16.6579554
108047946,49.3869384,15.5930916
015028216,49.9115621,16.5993712
102007969,49.3419113,16.7599838
000219321,49.2101255,16.5751842
000845299,49.93679,17.9208175
000601829,49.9384419,17.9077441
110350545,50.0638752,14.4339486
110100549,49.7690499,13.3602224
110100590,49.7231446,13.3855882
110100662,49.7288944,13.3694764
151017697,50.1740511,12.6752674
110100727,50.1740511,12.6752674
110150139,50.355225,13.7970599
110150414,50.4171348,14.2534501
110150511,50.5401819,14.1275743
110150651,50.5447269,14.1278836
110200403,50.5657188,15.9061225
110250460,49.2137531,15.8822144
110250541,49.5707026,16.0713963
110250591,49.2249153,15.891465
110250842,49.2913488,16.2225975
110251130,48.7693905,16.8883732
110300602,49.4736316,17.1254957
110300777,49.2306033,16.6192994
110300751,49.2306033,16.6192994
110300823,49.8316378,18.2553661
150007396,49.8521301,18.5606163
110350812,50.0936243,14.4634398
110350901,50.0271171,14.4593954
110380193,50.0732148,14.4358039
110380185,50.0732148,14.4358039
110380118,50.1313606,14.4756259
110400372,50.7345612,15.180475
110400429,49.1368624,13.729106
110400551,49.1692994,13.8856105
110400674,49.3694008,14.840964
181056577,49.2656072,13.9025353
110400763,49.2657066,13.9015984
110450639,50.2558888,14.5196125
110450680,49.3933249,15.5933876
110451066,50.4092055,14.9325954
110451228,49.9942523,14.6718596
110451279,49.6807053,13.9937909
110451261,49.689133,14.0174642
110500709,49.6708613,18.3514525
110500687,49.6823716,18.3415233
110500784,49.67789,18.6718713
110500750,49.6700126,18.6701838
110501012,49.2358013,17.662605
181055058,50.0921275,17.7091588
110550919,50.0908688,17.71337
110551192,49.7914601,18.2252582
110551265,50.1172488,17.3773125
181073978,49.7740588,16.920625
110551362,49.7740588,16.920625
113600801,50.4119421,14.9299048
114400610,49.1325218,14.9960927
115800395,50.1733869,12.6531297
116800470,50.6596531,13.846808
117500739,50.0251205,15.7672996
118201263,49.2012913,16.6637684
118500864,49.0820837,18.0201759
118500929,49.2378383,17.5652075
118600672,48.9104617,17.0990684
181013410,49.4002918,15.6015257
118700693,49.4002918,15.6015257
150004516,49.816245,18.2567972
150003595,49.476662,17.114585
150003978,50.2307454,12.8739967
150004648,50.0555816,14.3541014
250004526,50.0555816,14.3541014
150004842,49.8482688,15.808045
150005075,49.4659238,17.3912001
150009810,49.5881075,18.3622787
150008023,49.045996,17.4371852
150010125,50.3423492,17.1238343
150011644,49.8500272,13.8856114
150012128,49.4772678,16.2384849
150012195,49.3538801,15.1579972
150012250,49.5024851,15.5886289
150012322,49.2821754,15.5855626
150012420,49.313561,15.390665
150012489,49.2360777,15.6051608
150012799,49.3793354,16.2673297
150013078,49.5125599,15.1054442
150013647,49.8376275,13.5778311
150013680,49.9829761,14.1288709
102152829,49.3015993,13.3125708
150013914,49.6528801,14.7308838
102152896,49.2379539,13.3947835
150014091,49.5653234,14.9864004
150014147,49.4150307,16.4801582
150014198,49.17734,15.5952301
150014244,49.4736104,16.0569353
150014309,49.3047506,16.060104
150014341,49.639636,15.5260507
150014392,49.9491588,14.1036238
150014449,49.404733,13.7170167
150014503,49.9070713,14.0338175
102164134,49.4810038,13.4050831
102264694,49.5726096,13.3295697
102264651,49.5475919,13.5197964
102152934,49.360401,13.3567397
102004226,49.5935289,12.7153153
102328218,49.896155,13.273258
150014953,49.1895233,15.3761923
150014996,49.3898595,15.2344663
102428387,50.245467,12.5602385
150015062,49.1804791,15.415166
102006695,49.6705488,15.4038828
102328447,49.7110863,13.2054188
102040770,49.9423042,12.6165277
102564311,49.9950077,13.0589997
150015488,49.77355,13.2490549
102931496,49.3060831,16.2643042
150015968,49.7847722,14.6914103
002050421,49.9528273,14.2085792
102080895,49.5275936,18.7541357
102642028,49.8886266,16.4744207
102988986,50.390422,12.7738604
102080038,49.7053597,18.6134497
102068941,49.7053597,18.6134497
102241082,50.7888322,14.9950745
102142505,49.89547,16.0321663
102318042,50.1242122,15.7215075
102068976,49.6779212,18.6711993
102068992,49.6733226,18.6436824
102642010,49.9406601,16.4247366
102092664,49.6779212,18.6711993
108053814,49.5159164,14.0344205
107722313,49.2717894,13.8334417
102156387,49.8865525,18.3693425
102142319,49.9006901,15.9358213
102229350,50.6320739,14.9253239
102229911,50.7900376,15.0257213
102177325,50.6853938,15.1501125
102142211,49.8177863,15.8870513
102668698,49.8564796,16.9029626
107721261,49.1842463,15.2846253
102308365,49.5283995,17.2377312
102308314,49.536768,17.3124405
102668981,50.0127315,16.7927416
107722321,49.3169172,13.9274672
102177155,50.7635251,15.3295275
119901111,49.5974101,17.3256788
102308659,49.5578751,17.1351988
108053911,49.4283957,14.4180079
102177287,50.6460924,15.1935135
102165769,50.7623619,15.2762385
102068551,49.590086,18.6946435
102068585,49.590086,18.6946435
107722224,49.1263248,13.882168
102142521,49.8490371,15.8056497
102308268,49.6304913,17.3278334
102168326,49.8958672,18.5477896
102080879,49.5909238,18.3602338
102642052,49.9124356,16.6118541
107720019,48.9244691,14.4396852
102023522,49.0248975,14.498659
107720353,49.170782,14.5802453
107720027,48.9653856,14.5249286
102168342,49.8331725,18.3864125
107720442,48.789205,14.7770349
107720400,49.7876625,14.5673937
102229198,50.7114247,14.9854179
102642061,49.9361841,16.7240346
102142581,49.526421,16.3953324
102005656,50.7449093,14.5306716
116401940,50.5876045,15.0425433
102229325,50.7890217,14.8186975
102442690,50.5785332,15.5349305
102168351,49.8526433,18.393333
102508488,49.8161365,18.3354334
102680400,49.8952316,17.1321432
102308420,49.6848504,17.1533145
102668795,49.4944447,16.1748438
102320195,49.6909065,16.896824
102592772,49.6313204,17.7080933
102320250,50.1154665,14.1496822
102668418,49.9349838,16.9709352
108023753,49.1928347,14.3487446
107720035,48.8936179,14.5015255
102687013,49.0770553,15.5307768
102229066,50.8228944,14.9244734
108023761,49.2161837,14.3573176
107720396,48.7612438,14.7350172
107720116,49.5577012,16.4223306
107720388,49.060883,14.4346934
107720167,48.8237559,14.5086576
107720370,48.9767819,14.3594962
102442835,50.5629869,15.4990742
102229031,50.8362893,14.8691101
102668451,49.8749964,16.7754155
102668540,49.9030781,16.9474267
102675996,48.8903292,14.5273622
102668906,50.3082159,17.1469952
102578001,50.635115,15.7096227
102680370,49.9428867,17.0321084
107721180,49.0818211,14.7186234
102578435,50.4446505,15.7410136
102390592,50.1407126,16.0637944
107720124,49.1073905,14.3639063
102254214,50.400576,16.2297861
102164665,49.2153753,13.6319386
102328030,49.792943,13.3176638
102328374,49.6954276,13.2606829
102328072,49.0403456,16.5551152
102328480,49.8405389,13.1031497
102164223,49.2651901,13.389747
107720175,48.9620619,14.4512881
102113092,49.2930396,13.1007976
102164096,49.2654278,13.3025815
102668663,49.450746,15.913841
107720051,48.8899987,14.7269677
102264961,49.6148562,13.6043532
102152853,49.2742995,13.1709455
102376191,49.7759821,13.6924579
102592756,49.499205,17.7394
107720469,48.9929517,14.541468
102376247,49.6862055,13.6574318
102552495,49.5786694,15.6745705
107720141,48.8577662,14.4887101
107720493,49.0999608,14.5663265
102578184,50.6935744,15.7335607
102264864,49.5398301,13.4547294
102164622,49.4819706,13.2775794
102328315,49.9965495,14.8142602
102328587,49.8417849,13.229176
102464138,50.0953496,16.3762436
102005095,50.7735891,14.4728675
102229171,50.9456852,15.168675
102442606,50.6022869,15.3003417
102005192,50.7291861,14.7033847
107721163,49.1852291,14.8528532
000583758,48.6566318,14.4522503
107722585,49.3183373,14.6466311
107722470,49.4296309,14.5894681
107720361,49.1428094,14.3459563
102591113,49.5046707,17.1020094
107720094,48.9284043,14.5149379
107720434,49.0189031,14.6108361
102591555,49.5563734,16.9558083
107720558,48.7380466,14.1109193
107720965,49.0809213,14.8219924
102308543,49.7237032,17.1895974
107720973,49.0845916,14.9040229
102003432,49.2135198,15.1840905
102308497,49.7519051,17.2292372
102591105,49.5206288,16.8898648
102592721,49.5963737,17.7071328
102592853,50.0750542,16.7827231
102005681,50.3663452,16.1809504
102005079,50.5274924,14.6709569
102121044,49.6431685,17.1789963
102320713,48.8888441,16.1582019
103378669,50.4384351,16.1511112
108012816,49.681057,17.0450462
102217947,50.971142,15.1235589
102308527,49.5872206,17.3876793
102320403,49.6407564,17.2057864
000583715,48.765938,14.1784068
107720205,49.0893044,14.3707154
108053784,49.4532338,14.3600262
108053792,49.4427483,14.3696431
102102384,50.1142863,14.2010613
102177112,50.7084888,15.1748638
108053946,50.440214,14.7251865
102254176,49.1492223,15.5755587
102668761,49.9820863,17.011545
120500370,50.0456287,16.4521861
108053920,49.2395906,14.5134868
107720591,48.8103962,14.2587282
102145733,50.7149438,14.3975013
102142335,49.9555258,15.9914315
102320217,49.8158088,17.1726575
102142017,48.9575274,16.2085879
107722267,49.5029184,13.8765044
108053776,49.5179691,14.2778034
107721244,49.069112,14.9090708
102165793,50.7596171,15.3658974
107720663,48.7019495,14.3879485
107721198,49.0218895,15.1022537
107721023,49.1068195,15.3702514
107721091,49.265551,14.9238186
107722127,49.0396769,13.871864
102855871,48.799778,16.1006148
102308292,49.5182996,17.2535988
102320381,49.572698,17.1805004
102142165,49.8555771,15.6959526
102654018,50.1116044,16.5544882
102578371,50.5329413,15.819555
102608491,49.608868,17.7381965
102320802,49.5094912,15.8702651
102592870,49.3947938,17.4181847
102592641,49.3954603,17.2919237
107722216,49.4574984,13.783617
102308608,49.6806862,17.3238748
107720582,48.8912722,14.3238095
102320497,49.6491442,16.9472773
107721902,49.1083445,14.0114409
102320535,49.6555018,17.1237992
107722411,49.5477681,13.8836672
107722259,49.1235659,14.0806835
108053806,49.4277851,14.0338657
102390410,50.078479,16.1500159
102390584,50.0965514,16.2988016
107722453,49.4233994,14.678902
107722518,49.4058365,14.7033649
102101141,49.0645237,13.8314289
102668655,50.0801986,14.4671454
107722607,49.5813049,16.6714605
102390738,50.1348396,16.4061493
102390487,50.3225944,16.2138068
102642419,49.2179173,14.5991895
108023613,49.037162,14.4759993
102579997,49.3068883,17.1653976
102254320,50.3882717,16.1141497
102592888,49.591202,17.8065396
102320322,49.4835225,17.2757138
102390525,50.1537644,16.4247203
107722381,49.2701515,14.0064177
150045042,49.0192179,16.6040416
102142611,49.1825874,16.3878251
117200883,49.9278002,15.745109
102142491,49.7723986,16.0267414
002506360,49.6713208,16.2457828
002506238,49.6864955,15.0265313
102152870,50.1154665,14.1496822
102101817,50.0832676,15.76227
102390614,50.212565,16.2633941
102642621,50.0016562,16.2848189
102390941,50.1075404,16.2609147
102442860,50.70344,15.4295952
107721899,48.9899086,13.6598205
108026493,50.4729614,15.7584875
108031217,50.0456287,16.4521861
102642460,50.0116839,16.6190005
102642222,50.0970072,16.6268908
102190992,50.3332491,15.7235276
102578141,50.4537411,15.858685
102254885,50.5947513,16.1676049
102390649,50.3049142,16.3505997
102376352,49.8244333,13.8652318
150047258,49.7759823,13.6226574
108024016,50.3519767,16.0827213
102578940,50.4878327,15.7999716
102102741,50.147655,13.9541688
102276064,49.483403,13.4894446
102642109,49.3243361,15.9173626
002518171,49.8296957,16.7025188
102642125,50.0395061,16.6326234
108013634,49.5173882,17.619554
102642249,50.3467649,14.926557
102254591,50.4447586,15.9935284
108049663,49.1421614,16.8293197
102164568,49.3034789,13.2483379
102109796,49.7789247,13.7853832
102578150,50.5789657,15.6341813
102654085,49.8709775,16.6972061
102464189,49.8683294,12.7404365
102328234,49.715196,13.0807839
102164045,49.337356,13.4904344
102564035,49.4350389,12.8143874
102376239,49.7096787,13.6474392
102264635,49.602853,13.3449073
102164037,49.3455028,13.2962532
102152969,49.4474651,13.3543778
102004234,49.500207,12.9891857
102164461,49.3335778,13.5496097
102376310,49.9201921,13.6950276
102152837,49.7326801,15.7303592
102464006,49.8299796,12.5835491
102390550,50.1063552,15.519886
107721082,48.9575732,15.5428248
002506459,49.733077,13.982707
102642117,49.9392227,16.6025357
107721996,48.7893877,13.95249
107721228,49.000951,15.3498946
107721945,48.916976,14.1326527
002506661,49.7102246,16.824043
102142157,49.9099814,15.8841034
102005141,49.2008082,15.2417137
108009271,50.1632537,16.2748393
108031365,50.0308077,16.2229409
107722437,48.9901453,14.2661181
102390428,49.9707606,13.5677194
107722003,48.9088222,13.7202826
107721970,48.9231917,13.7950433
107720922,49.1898915,15.0673376
102642273,49.9902318,16.3571757
107722011,49.0842781,14.0548747
102642133,49.9713715,16.3098346
102142131,49.9709247,15.8801881
102642346,50.0649334,16.6179104
108053750,49.4655743,14.0692229
102142564,49.8057452,16.1130904
150051727,49.5720034,14.5265039
002506840,49.6713849,16.7515529
102642214,50.0270744,16.5749831
102642397,49.9680398,16.0899686
102130949,49.8024232,15.9268039
102642184,50.0602888,16.4820721
002506955,49.7092677,16.7273236
102642265,50.0315282,16.6814699
002506751,49.6274044,16.5218286
002506351,49.7663833,16.5387069
102338019,50.5226275,14.9688211
102642940,50.0402721,16.7428976
002506289,50.4727228,14.8447762
102642176,49.8891523,14.3184732
002506297,49.7008498,16.641605
102642036,49.8693056,16.4529207
102376344,49.7878954,13.728218
002506505,49.6255624,16.7518494
102109826,49.8215835,13.7825459
102579962,49.5702131,17.0099159
102142696,49.78633,15.8182425
102668701,49.9076874,16.8762422
107721155,49.1383243,15.0225204
107721112,49.144956,15.0044323
102592560,49.531876,17.7721226
107721139,49.1490542,15.0050114
102464031,49.8970408,12.7293368
002506939,49.4983304,16.5727867
102390720,50.2294281,16.2923422
102642532,50.1292058,16.4998735
102078262,49.958606,14.6852633
102066574,50.2154054,15.5281677
102078165,50.1427924,15.6858079
102066612,50.1725729,15.7425601
102078203,50.28887,15.4796625
102078181,50.2668938,15.49917
102078173,50.2559051,15.8126913
102066582,50.2963891,15.6758277
102164444,49.1452921,13.5603426
102328404,49.991739,13.2322454
102376166,49.7456907,13.5143428
102540322,49.4582587,12.8079202
107722330,49.3737078,13.9428629
102328099,49.9853194,13.3642638
102264660,49.6431043,13.4760023
102642079,50.0298295,16.3716987
102564272,49.5314788,13.3869274
107721236,49.0103965,15.4532073
107721911,48.9549945,13.7596404
102164541,49.3895679,13.4722709
102320896,49.57762,17.480145
002506530,49.6798496,16.6287438
102668558,49.8837344,16.9409199
102078084,50.2645978,15.4032585
102675961,49.0010474,14.6516864
102390436,49.1675035,13.8036763
002506491,49.1416165,16.6266981
102608211,49.4698837,17.55055
102592691,49.4659238,17.3912001
102308624,49.5785573,17.0770128
102066507,50.3094638,15.7682783
102566950,50.5175945,16.0366349
102066469,50.2038113,15.6306746
102642389,50.0054916,16.5625511
102254273,49.2535828,17.89426
102130990,50.0602888,16.4820721
002518074,49.2243334,15.6616655
150058161,49.9018568,15.3967544
102264686,50.3381627,15.7897276
102152985,49.0870455,13.4805067
102308331,49.6560994,17.0544072
102040851,50.2396557,15.7081683
102578397,50.6202744,15.6555337
102254575,50.533924,16.1581733
102578052,50.4875271,16.0293223
150059159,49.3485938,16.0054788
102328111,49.7777438,13.1041783
150059868,49.6685528,14.8232891
102066540,50.1664322,15.3826679
102590044,50.6620001,15.9083475
150059973,50.203777,15.8344386
102390959,50.1713674,16.3492673
102066531,50.1724139,15.6955462
102592748,49.5273114,17.5861035
102206121,50.3594664,15.4944753
102190747,50.3483591,15.6026678
102308438,49.6018971,17.0826589
102390398,50.2384439,16.2252655
102254206,50.3358472,16.1025945
102308357,49.5390601,17.2428216
102578672,49.5156989,17.4848229
108009297,50.1482613,16.225441
102206180,50.4300244,15.3478363
102390746,49.4814985,16.5580747
102254401,50.3610774,16.0376308
102578117,50.6310476,15.7771075
102254192,50.6148394,16.2211087
102520674,49.8481067,18.312267
102308250,49.6156901,17.2011275
102190739,50.3680722,15.1701828
102190763,50.3752939,15.5773008
102390452,50.1779615,16.1718433
108029638,50.2883092,14.4505841
102190887,50.0700642,15.0124415
102206325,50.4038601,15.6803638
102078068,50.2626451,15.9225386
102254265,49.4067634,16.4893318
102266018,50.5475287,16.341974
102190950,50.3891372,15.520881
102190828,50.3381627,15.7897276
108024059,50.3928159,16.0062213
102254281,50.6149738,16.2666573
102254184,50.4682252,16.2273375
102254991,49.1902021,17.1118814
102254311,50.476505,16.0926214
102578311,50.639988,15.6087584
102578648,50.0099481,16.2663359
102590061,49.675344,15.1271697
108024032,50.3219134,15.9116685
102578079,50.5220549,15.7729536
102578273,50.538874,15.6391934
102578044,50.4879075,15.9105262
102206317,50.3746239,15.218251
102578036,50.5242142,15.7121138
102390681,50.0561272,16.2686514
102254621,50.4779638,16.09148
102065144,50.7632288,14.1040925
102254486,50.4829338,16.0815113
102254532,50.41961,16.1888338
108024024,50.43161,16.1748499
102254516,50.4015863,16.1612274
102066477,50.319935,15.8749525
102578010,50.5931657,15.5938168
102078114,50.1916624,15.6949102
150065167,50.0677961,14.4019915
102406057,50.1635301,16.460965
102226423,49.9616887,15.2735204
102226458,49.9549205,15.2756184
150067241,49.1027313,17.394605
181064341,49.5213663,18.0165763
102206503,49.5213663,18.0165763
181095726,49.2909657,16.2292026
102943419,49.2909657,16.2292026
150068964,50.0067344,14.7161225
181014840,50.0067344,14.7161225
150069031,49.7910089,18.2673716
150069600,50.0348616,14.5604515
150069731,49.5571179,15.9422662
000566829,48.99551,16.8582375
110023668,48.9048278,16.8174164
103019308,48.8428731,16.0594324
181089114,49.1563021,16.8763599
102807582,49.1563021,16.8763599
150078391,50.9629336,14.5595091
150076738,50.410025,14.921575
150076924,50.7560506,14.1852902
150078137,50.028164,14.5162022
150077009,49.8417447,18.2887614
150077351,49.6791088,18.6866475
150078153,49.8350702,18.278398
150078340,49.8686361,18.4264219
151000913,50.2084066,15.8247852
102088365,50.2556564,12.8712539
151011494,49.9739518,12.703319
151012997,50.1798468,12.660349
151014507,50.5350763,16.044205
151014655,50.2011038,15.9845125
151015279,49.0228981,17.6498125
151016003,50.0264909,14.5271341
107830281,48.7393014,14.4930309
151016453,49.995121,14.6618178
151016887,49.1456763,14.1760144
151017891,50.2945288,16.1451775
130001236,49.4077788,14.6895993
000582344,49.0192621,14.6127661
181036606,49.9745027,14.5361938
151024626,49.9745027,14.5361938
110012879,49.9616223,14.0759158
151028931,50.089442,14.4243114
151031576,49.1830796,16.2849523
060103361,49.9550972,15.792727
151034231,50.0838835,14.3661046
151035806,49.6095059,17.2653215
151035768,49.7981707,18.2680107
151036098,50.1441138,14.0999088
110017587,50.6961375,14.8098763
151036268,49.3971376,15.6067913
151036373,49.7930711,18.2891234
151038546,50.0788772,14.4421544
151038201,49.8190278,12.8753107
102578753,50.7256448,15.6067567
151039437,50.3007379,14.7957224
151039739,50.7540868,14.2034326
102680566,50.0054388,17.044275
151039992,50.1252854,14.5052976
181088231,50.0498096,14.4535598
151040010,50.0498096,14.4535598
181096633,49.8284867,18.1832945
151040079,49.8284867,18.1832945
151040389,50.0348616,14.5604515
151040613,48.9497195,17.3787661
181096790,48.9734849,14.4793167
151040630,48.9863994,14.4316421
181127024,50.4905075,15.5197788
151040729,50.4870407,15.5199224
151040753,50.0012054,14.4659125
151040842,49.1894636,16.6201294
181079224,49.9853017,14.3563484
151036608,50.0406481,15.7294785
181128021,49.182551,16.5982028
181036746,49.182551,16.5982028
151038422,48.8053138,16.8718988
250008653,49.5807919,17.2728635
200001027,50.0895763,14.5122812
200000055,49.3256639,17.588587
200000063,49.6827988,18.3411813
250000016,50.1812469,12.6465457
108036421,50.591785,15.1404375
060884720,50.1636463,16.2801638
102102554,50.0873055,14.126799
181002418,48.9656205,15.6303894
181002931,50.0505108,14.3130452
181006961,48.977292,14.4913559
181006383,50.0394971,14.4327109
181006928,49.387729,14.6886787
181007282,50.5145194,13.6342513
250002248,50.0396555,14.3322291
181061465,50.0396555,14.3322291
181007371,50.0711424,14.4524059
181047519,49.8254863,18.1688898
181007878,49.8254863,18.1688898
102254826,50.3498576,16.1322788
110500032,49.6721948,18.6412094
181015960,49.1894636,16.6201294
102229988,50.7616053,15.0598194
110100859,49.8401596,15.9936614
181127369,49.2178192,16.5814207
181011077,49.2178192,16.5814207
045978298,50.2063132,15.8335097
110035810,50.210728,15.8319889
102319464,49.2161338,17.7542538
048004502,49.8518663,18.553045
181011719,49.9300687,14.6181909
181014181,50.0014931,15.7337999
181054388,50.0860375,17.6718438
040652441,50.0379115,14.3378318
181014491,49.9895682,14.6852644
181015242,50.4705425,13.4036792
181015251,49.6032006,17.2373477
181087154,49.8414213,15.9978875
108008070,49.8419763,15.9984088
102564299,49.9948521,13.5444824
102374881,50.1601277,14.8245331
046389164,49.9639813,14.45425
181015943,49.9639813,14.45425
000241849,49.9334839,14.3169241
102328021,49.847152,13.4395233
181044439,50.0487503,14.536995
181025264,50.4784357,13.4469639
015037789,50.5089738,16.0214875
181055082,50.0280381,14.4148694
181119021,49.9694309,14.6557138
181023610,49.9694309,14.6557138
181096994,49.9516388,15.7971796
102142840,49.9516388,15.7971796
181023903,50.0818463,14.260545
102642362,49.931347,16.2590611
181024608,50.0217244,15.7704776
181024829,49.4247261,14.9452214
181034395,50.072845,14.4527762
181025698,49.7341195,13.4060206
000087653,49.8720826,16.30613
181025884,50.1229516,14.4996821
181035201,50.7665717,14.1773107
181127628,48.8548698,14.3694134
181066611,50.1042451,14.3886149
102232369,49.6274511,18.0762564
181027291,49.9383104,17.9094638
102088951,49.9804775,12.8666661
181027810,50.0346526,15.5605938
181084694,50.0394623,14.4563737
181028042,50.0394623,14.4563737
181001110,49.678375,18.364325
181028930,49.741265,18.5313788
102376395,49.8581986,13.6007764
181032813,49.99531,14.6576871
181032333,49.7466088,18.6259663
181032422,49.7472425,18.6138938
181079534,49.8108987,18.2706793
181012286,49.7809366,13.4987424
181044706,48.948879,14.4653712
181033496,49.2654074,14.7163233
181033488,49.2595062,14.7156762
181033518,50.023461,14.5142113
102164347,49.1703098,13.4548124
181033577,49.2648129,13.9011479
181067293,49.6299124,15.4908288
181033704,49.9393576,14.7349888
181034131,49.9928393,14.6588006
181034247,49.9442363,17.9098288
181107414,50.1177307,14.4298474
181034824,50.2101604,12.8280034
181035618,50.203777,15.8344386
181035693,49.3795955,14.4950651
181036312,48.8773874,17.3592928
181054612,49.4019427,15.588425
181145341,50.2061219,12.8226426
181076632,50.1966181,12.8710249
181069750,50.0091889,14.6694478
181049023,49.92057,14.200305
181038714,50.0690338,15.6821763
181051338,50.1437763,14.1051725
181055261,50.7305167,14.1908773
181042070,50.2789316,16.474882
181042169,49.9536956,14.034569
181070006,50.3811402,13.2705328
181043343,49.8982188,18.33656
181043939,50.0732028,14.4597849
181043947,50.0990025,14.4845285
181043955,50.0462675,14.7349075
181105136,50.5373776,14.1354335
181044463,50.2639497,14.0276092
181044498,50.0703889,14.3820318
181044684,49.2009017,17.6708154
181044897,49.9711967,12.7041212
102004064,49.369376,12.8587956
181045320,50.0735851,14.5488795
181103028,49.9375982,14.5531799
048773905,49.467984,17.9478693
181046652,49.9718802,14.6650727
250001969,49.939502,14.0224777
181076730,49.9670722,14.071328
181047373,49.487205,17.9934113
181068389,49.8239237,18.2451208
181047748,50.3734011,16.3101121
181050013,50.5170946,13.6228637
181047918,50.2268479,14.8664584
181111039,49.5505454,15.3599249
181048841,50.0446818,15.7938654
181076560,49.8298313,14.5907338
181121379,49.7457744,13.3650595
181054990,49.7457744,13.3650595
181066653,50.0903079,14.6663756
181052636,49.2074874,16.6568509
181053110,50.7899515,15.0670529
102602352,50.206109,13.8994281
181053837,49.2495278,16.5761258
108032876,49.9515752,15.2687786
181054205,49.6767464,13.9971812
110036344,50.135856,14.1339469
181122111,49.2006189,16.6080269
181054311,49.2369875,16.5865177
181054566,49.5442611,18.2154578
181054574,49.2215919,17.6656368
181054621,49.7613451,13.3691373
181054655,50.1639828,16.5477572
181054965,49.9363674,14.6715625
181113597,50.1425591,15.1363151
181055481,50.1425591,15.1363151
181055490,50.0074552,14.4680377
181055520,50.016789,14.4700839
181055660,50.3615857,15.63044
181055759,49.5895913,17.9974319
181055953,49.308242,14.1390218
181058324,50.0754339,14.4260084
181058898,49.954785,15.7801063
151002142,50.0331667,14.4779643
181059568,50.102777,14.5353062
181141965,50.1566264,14.5233396
181060256,50.1497297,14.526315
181111861,50.1145738,14.6976174
181104253,49.4098927,13.3616056
110001923,50.0905565,14.4401972
250002426,48.9958758,14.4949179
181119927,48.9958758,14.4949179
181096358,50.5919335,13.5738245
110003802,50.594086,15.1625398
110036697,50.7677355,14.7552192
181066289,50.2739388,14.3085313
181111306,49.5917007,17.2425637
000584118,49.4710879,15.0036868
181066122,49.3492382,16.4239982
181066297,49.902155,14.5692038
181066335,50.5330402,14.1298269
181066343,50.4203476,14.2447215
181066602,50.0318492,14.4816487
181068281,50.2949225,13.9169454
181068346,50.4160151,16.1572537
181069059,49.2759708,17.0032184
181113601,50.141395,14.101135
181069636,50.141395,14.101135
002174359,50.0709373,15.0681153
181070634,50.0565577,14.3751828
181070782,48.8579063,17.1082675
181119331,50.1258237,14.4574892
181071339,50.1288601,14.4681776
181081342,50.0813376,14.25699
181075016,49.1654641,16.5820773
181078392,48.9778838,14.4607014
181075130,49.1658452,16.6158579
181075521,50.1854069,13.8088102
181075849,50.8893876,14.6234913
181076098,50.5317412,16.0283758
181076101,48.9805521,14.4473302
181076110,48.9778379,14.4787496
181076233,49.1676667,16.5518836
181076390,50.0873836,14.4882183
181076454,49.903706,14.1489845
181076462,49.5608759,15.9379578
181076471,49.8923613,14.564875
181076578,49.7777704,14.1677755
181076641,50.2169953,12.1934514
181141949,50.4490193,14.9055942
181076918,50.4490193,14.9055942
181076951,49.9139078,14.2358508
181077043,50.0730926,14.7299687
181077051,49.4243966,17.5987835
181141931,49.9179973,14.5787757
181077116,49.9179973,14.5787757
181077159,50.0771887,16.4549967
181077264,50.0730343,15.8026813
181077442,49.5945014,17.2513185
181077485,49.5942178,17.2464942
181077701,49.8718135,16.3116003
250002035,50.0429996,14.4471693
181077825,50.0429996,14.4471693
181078031,50.4915218,13.6397902
181078988,49.2712324,16.0037319
181085399,50.4340955,15.4370103
181079216,50.0522783,15.1449338
181079739,49.1904459,16.5811554
181080354,50.0783795,14.2446721
102002690,49.6413738,14.6408863
049704397,50.0711424,14.4524059
181128667,49.2248937,16.5780298
181080729,49.2248937,16.5780298
102320527,49.7204317,17.5200778
047658274,49.6566625,17.0111504
250001918,50.2875381,14.8343374
181081601,50.2876706,14.8343604
181095394,50.1956264,14.5006543
181084163,49.9846402,14.7894552
181084198,49.4868406,16.7327643
102102091,50.1445267,14.0961688
181085461,49.90608,18.0461363
181086158,50.1848038,14.6663542
181086191,50.1236953,14.3886768
181086204,50.0854061,14.5749397
181086263,49.7464018,18.6260976
181086573,49.4308737,15.2232341
181086948,49.9718125,13.6458926
181087049,49.4625554,14.7693887
181087081,49.7860751,18.4319388
181087103,50.6202888,15.6093325
181087120,48.9772597,14.4783713
181087138,50.3504225,15.9187563
181087243,50.2114252,13.9831699
181111616,49.958969,14.3226238
181102323,49.226766,17.6667415
181087804,49.2076057,15.8829214
181087863,49.9518978,15.2695886
102855102,48.8696584,16.0949744
181095718,49.0199167,14.5430488
181088118,50.1553272,14.5699464
181088193,50.1527589,14.2842444
181088703,50.1070662,14.3869258
181088754,50.4579213,13.4154426
102374856,50.0969376,15.1059201
181089432,50.0674065,14.464679
000241580,49.9499395,14.517866
181090163,48.7025907,14.4294495
181103702,50.1598018,14.3977831
181093383,49.2402088,17.6653425
181093634,50.172572,14.2395992
181111551,50.0703248,15.0688858
181094380,50.015548,14.5415694
181094487,50.3498131,14.4913908
250003228,50.0911701,14.5610324
181095416,50.0911701,14.5610324
181095564,50.6672255,14.0135683
181095734,49.8995446,14.3512697
181095912,49.3571253,17.3733388
181096081,50.6984925,13.9411448
181141906,49.2003334,16.6398176
181096129,49.2003334,16.6398176
181096501,50.0617867,14.4433898
181096528,50.0379115,14.3378318
181096536,50.0399602,15.7728851
181096803,50.0868224,14.4519683
181118807,48.8888441,16.1582019
181097133,50.0598911,14.3937167
102266271,50.4154351,16.1672813
181097273,50.0638752,14.4339486
110028881,50.4790001,16.1829813
000529681,50.5737675,15.8992313
110200039,50.36921,15.64262
181097303,50.6096243,15.5052773
015055663,50.4965113,15.501555
181097630,49.4019427,15.588425
181098733,50.0242769,14.4134603
181098750,49.3175462,17.462816
107720477,49.0121713,14.2657226
181098962,50.3573689,15.9703133
102068658,49.6897288,18.3258062
181099730,49.0178113,17.4469563
102438501,49.9047339,14.7772042
181102111,49.2515641,16.5754634
181102960,49.2107415,16.6344388
181103338,50.041851,14.4008094
181103427,50.1053762,14.5372651
181103435,49.2963388,16.5249938
181103486,50.0580997,14.4324749
181103982,50.1956801,15.8457038
181104105,49.6475926,18.1437067
181104130,49.6855718,18.3608173
181104202,49.4117225,14.6562703
181104288,49.309331,14.1469939
181104440,49.2805275,13.9342172
181132362,49.3869384,15.5930916
181104725,49.4815378,15.7175802
181105012,48.9751778,14.4732295
181105195,49.8139388,13.3720975
181105411,49.002532,14.4801687
181105527,50.1217496,14.5800176
181105624,49.7536285,16.4737457
181104199,49.6945788,18.35155
181106043,50.0680231,14.450284
181106451,50.0680231,14.450284
181106566,49.8067462,18.3032173
181106698,50.665863,14.0306912
181107261,50.0780772,14.4701978
181110547,50.0557198,16.5511918
062156837,49.2153509,16.5804551
181136473,49.3472415,16.4238739
181110164,49.3494598,16.4216401
181110423,49.0100643,17.1311617
181110628,49.5616916,16.0744185
181110709,49.5903183,17.2497622
181110911,49.2342438,13.5192861
181110954,50.4251295,14.2510684
181110989,50.1071828,13.7301013
181111021,49.218065,17.6508325
181111250,49.9191912,17.9159386
181111543,50.4410365,13.456656
181111641,49.6123139,15.5950253
181112019,49.2636796,13.9060994
181112299,49.811165,18.2309736
181112311,49.0044752,14.7723814
181113678,49.9107942,13.9757258
181113830,50.0713357,14.4081291
181114127,50.0525267,15.2122076
181114208,49.9418448,14.4295541
181117711,49.7808172,14.6795187
250001896,49.9577765,14.0641979
181118572,49.9586787,14.0651287
181118742,49.2188063,17.6632113
181118831,50.0743199,14.3919488
181118891,50.5988944,13.6243791
181119242,49.9849803,14.5236241
181119307,50.15611,14.392165
181119315,49.2879726,16.2267538
181119463,50.8816938,15.1834788
181119501,50.2896113,14.8194338
181119773,49.898936,18.1937034
181119781,49.2035818,16.6138365
181119838,50.1040165,14.4674925
181119935,48.933668,14.6185685
181120097,50.0433448,15.8107463
181120127,49.736161,16.346249
181120241,50.0769748,14.4588483
181120372,49.7114472,15.6724137
181120585,50.0281654,14.3902176
181120666,50.1021272,14.4142326
250003872,49.4515519,18.1468926
181120933,50.0461413,14.4538944
102065292,50.9652558,14.3636833
181121034,50.2389903,12.8522108
181121221,50.2137702,12.8804707
181128675,49.9096255,16.4332863
181121409,50.0770423,12.3667078
181135957,50.0317981,14.2030247
181121662,49.2337665,16.5836402
181122022,49.683203,14.0076275
181122227,48.9805521,14.4473302
102320586,49.5615531,17.0999198
181123100,49.2243626,17.6698575
110011325,50.0931273,14.3350744
181124301,49.95203,14.7445175
181126109,49.4554072,17.4498089
181126184,49.3573001,17.1385542
110380126,50.1240669,14.4826696
000069205,50.0757811,14.8796152
181126567,50.2410244,14.3045298
181126745,49.1850137,15.4514078
181126770,50.5887913,15.15529
181127032,50.114581,14.6986708
181127253,49.7659059,18.5773219
181127318,50.040496,15.210021
181127385,48.9464623,16.7353512
181127521,49.2968704,16.7433382
181135281,49.1634183,16.7267575
181127571,48.9933232,16.753806
181127695,49.1818719,16.237772
181141922,50.1302653,14.4508286
181127776,50.1304744,14.4786522
181128047,50.0798408,14.4289884
181128292,49.5381161,18.3931771
181128331,50.0902997,14.425341
181128322,50.0902997,14.425341
181129167,50.109618,14.452208
181129370,49.7932709,18.2354326
181129400,50.1057236,14.4531715
181129710,50.038842,14.4395265
102768145,49.1786068,18.0164473
000241768,50.1908357,14.3213582
181133610,50.1358853,16.2483038
181133709,50.2130003,15.8361639
181133717,49.450746,15.913841
181133768,49.9639835,16.9713849
181133873,49.5983863,17.2340979
181134047,49.9648384,14.0954245
181134098,50.1039745,14.523075
181134195,50.2166036,12.1941832
181110024,49.205048,16.5820048
181134438,50.1297322,14.5420792
181134802,49.9669311,15.3018633
181134811,49.8983558,16.4394528
181134829,50.5096414,16.2290971
181135272,49.9582682,14.0745127
181135345,49.5007167,14.4766039
181135850,50.2361338,14.4955638
181135931,50.0756605,14.851688
181135965,49.1377087,15.6386849
181136520,49.7678671,13.3671586
181136953,50.0900047,14.465758
181137291,49.1894636,16.6201294
181138701,50.109618,14.452208
181141736,49.4854791,15.7144757
181141973,50.0900047,14.465758
181142198,50.1048376,14.5188203
181142325,50.0188605,14.4412404
181142465,50.675931,14.0589757
181142520,49.8487863,18.5453974
181142562,49.7921808,14.1818182
181142929,50.132862,14.4035535
181142970,49.2072257,16.6361006
181143160,49.726237,13.4137343
181143275,49.1464475,18.013715
181143372,50.083675,14.1299363
181143445,49.9669311,15.3018633
181143585,49.644537,17.2311764
181143593,50.1808762,12.640335
181143640,50.0805831,14.4199332
181143674,50.0491806,14.4162106
181143844,50.038978,16.5072174
181143925,50.2108306,15.8498811
181144115,50.109618,14.452208
181144271,50.0931273,14.3350744
181144417,50.1128157,14.5005698
181144484,50.0771123,14.424874
181144506,50.4915218,13.6397902
181144751,50.3704229,13.790983
181145057,49.6662507,18.2761771
181145138,50.0882356,14.4602713
181145481,50.0849096,14.4536373
181145472,50.0849096,14.4536373
181145642,49.4707513,17.1140855
181145707,49.7131491,13.2074889
181146371,49.7613451,13.3691373
181146631,50.0012299,14.432428
181147629,48.8439823,16.0577522
181147408,49.5906406,17.2685231
181147921,49.644537,17.2311764
250001608,49.8239237,18.2451208
250001926,50.0124201,14.5104217
250010623,49.2210014,16.5815591
250002311,49.2210014,16.5815591
250002001,50.102777,14.5353062
250002043,50.0849096,14.4536373
250002060,50.0475655,14.305705
250002159,50.1283623,14.4094352
250002175,50.2381679,12.7506829
250002299,49.4213743,15.2210246
250002761,49.9822632,14.7617424
250002779,50.2038643,14.4667973
250002639,50.6565775,13.8411367
250003082,50.1690925,14.426675
250003091,49.9940111,14.6489693
250003244,50.0596962,14.2363591
250003619,49.4851147,16.6634078
250003538,49.4877701,16.6545213
250003597,49.9715936,14.9166803
250003996,49.8418148,14.9545763
250003767,50.0728158,14.492405
250003856,49.8558651,14.7021088
250005263,50.0900047,14.465758
250003953,50.0475655,14.305705
250005239,49.2876199,17.3937257
250004011,50.022017,14.4990658
250004038,49.5417902,15.3554166
250004291,50.1556938,14.1873925
250004160,50.0808882,14.4202839
250004925,50.413745,14.9049838
250004283,50.0517206,14.4308316
250004453,50.0827433,14.4296364
250004470,49.7477415,13.3775249
250004585,49.8721614,12.7388196
250004950,50.0882356,14.4602713
250005271,49.7027153,13.46978
250006006,48.7404551,16.7545863
250006073,48.8393517,16.0930811
250006235,49.4071517,16.5455472
250007053,49.7735239,13.3603717
250005468,49.2233475,14.4219963
250005727,50.0521863,14.541663
181144921,49.2256443,16.582124
250011751,50.8007288,14.4193713
250013835,50.0565577,14.3751828
