id,platce,platce_ico,dodavatel,dodavatel_ico,hodnota_czk,datum,rok,predmet,je_skola
37654805,"Základní škola a Mateřská škola Bohumín Bezručova 190 okres Karviná, příspěvková organizace",75029111,Baar Group s.r.o.,06745342,126041.0,2026-04-15,2026,školní nábytek,True
37640877,"Střední průmyslová škola, Ústí nad Labem, Resslova 5, příspěvková organizace",00082201,"KOVO, výrobní družstvo",00030325,5863811.17,2026-04-20,2026,Kupní smlouva - vybavení školy 1.část školní nábytek,True
37628545,Základní škola Povážská Strakonice,70876240,"Sdružení POMOC, z.s.",65051238,231475.0,2026-04-16,2026,Objednávka - školní nábytek.,True
37330577,"Základní škola Karlovy Vary, Krušnohorská 11, příspěvková organizace",69979359,MULTIP Moravia s.r.o.,16627971,86549.59,2026-03-02,2026,Kupní smlouva - školní nábytek,True
37297265,"Základní škola Ústí nad Labem, Vinařská 1016/6, příspěvková organizace",44555229,INSGRAF s.r.o.,26836475,93284.0,2026-03-23,2026,Nábytek do školní družiny ,True
37283089,"Základní škola Hustopeče, Komenského 163/2, okres Břeclav, příspěvková organizace",49137077,SKOLATO s.r.o.,05459818,88920.0,2025-12-29,2025,Objednávka-školní nábytek,True
37256637,"Základní škola Karla Čapka, Praha 10, Kodaňská 658/16, příspěvková organizace",47611057,Milan Palát,71084371,130000.0,2026-02-23,2026,Objednávka-nábytek pro školní cvičnou kuchyni,True
37148029,"Základní škola Hustopeče, Komenského 163/2, okres Břeclav, příspěvková organizace",49137077,SKOLATO s.r.o.,05459818,157729.0,2025-12-18,2025,Objednávka-školní nábytek,True
37146757,"Základní škola Hustopeče, Komenského 163/2, okres Břeclav, příspěvková organizace",49137077,SKOLATO s.r.o.,05459818,157729.0,2025-12-16,2025,Objednávka-školní nábytek,True
37100501,"Základní škola, Praha 10-Hostivař, Kozinova 1000",47611332,Křovina s.r.o.,26424819,108000.0,2026-02-20,2026,Dohoda o narovnání (školní nábytek r.2022),True
36917089,"Střední odborná škola a Střední odborné učiliště obchodu a služeb, Chrudim, Čáslavská 205",13582259,Kamil Šudrych,42263816,235283.0,2026-02-18,2026,Nábytek do školní restaurace,True
36911833,2. základní škola Plzeň,66362563,VP TRUHLÁŘSTVÍ s.r.o.,07027460,72072.0,2026-02-11,2026,Zhotovení nástavců na nábytek do 3 tříd v nástavbě školní družiny.,True
36827745,"Obchodní akademie, Česká Lípa, náměstí Osvobození 422, příspěvková organizace",49864637,ABCD Služby školám s.r.o.,62244892,87954.0,2026-02-16,2026,Objednávka - školní nábytek ,True
36795357,"Střední škola, Semily, příspěvková organizace",00528714,LexFin s.r.o.,29361371,64179.36,2025-12-23,2025,Objednávka- školní nábytek,True
36791041,"Střední odborné učiliště společného stravování, Poděbrady, Dr. Beneše 413/II",00664359,SANTAL spol. s r. o.,42408121,239410.6,2026-02-12,2026,"Školní nábytek, Inovace 2026",True
36759173,Východočeské divadlo Pardubice,00088358,"Divadlo Na Fidlovačce, z.ú.",09218521,234400.0,2026-02-04,2026,Objednávka - výroba a úprava dekorace,False
36757041,Město Říčany,00240702,drevotvar.com družstvo,27482219,3963732.52,2026-02-05,2026,Vybavení nové školy na Komenského náměstí – kancelářský nábytek,False
36756769,Město Říčany,00240702,"KOVO, výrobní družstvo",00030325,5810755.17,2026-02-06,2026,Vybavení nové školy na Komenského náměstí – školní nábytek,False
36753225,"Základní škola Rumburk, Vojtěcha Kováře 85/31, okres Děčín,  příspěvková organizace",72744596,Křovina s.r.o.,26424819,150531.02,2025-12-31,2025,Školní nábytek,True
36752321,"Základní škola, Praha 10, Hornoměcholupská 873",62930729,MULTIP Moravia s.r.o.,16627971,117585.0,2026-02-09,2026,Školní nábytek,True
36751869,Město Králíky,00279072,"ALEX kovový a školní nábytek, s.r.o.",26943344,299959.0,2026-02-09,2026,Objednávka na nábytek do šatny tělocvičny,False
36743861,"Střední škola polytechnická Kyjov, příspěvková organizace",00053163,"SMERO, spol. s r.o.",25527886,73795.0,2026-02-10,2026,Kupní smlouva na nábytek do kanceláře vedoucí školní jídelny,True
36736081,"Gymnázium, Jeseník, Komenského 281",60045141,"Kluka nábytek, s.r.o.",05793319,242185.0,2026-01-21,2026,objednávka na výrobu a montáž nábytku do šk.knihovny po povodni,True
36670785,"Základní škola a mateřská škola Ostrava, Ostrčilova 10, příspěvková organizace",61989037,Hilbert Interiéry s.r.o.,28661133,1999740.26,2026-02-03,2026,"Kupní smlouva-nákup školního nábytku včetně poskytnutí služeb souvisejících,veřejná zakázka Dodávky vybavení pro ZŠ Ostr",True
36660505,Střední škola - Waldorfské lyceum,71219293,Lidové bytové družstvo Praha 7,48030597,90508.0,2026-01-26,2026,Nájem sálu (maturitní ples),True
36636369,"Sociálně-právní institut, s.r.o.",61538353,"Základní škola, Žatec, Jižní 2777, okres Louny",61357332,1449240.0,2026-02-02,2026,Dodávka vybavení do školní družiny ZŠ Jižní Žatec,False
36627113,"Dětský domov se školou, základní škola a školní jídelna, Horní Maršov, Temný Důl 16",60153628,"Česká podnikatelská pojišťovna, a.s., Vienna Insurance Group",63998530,348000.0,2026-01-23,2026,Pojistná smlouva o pojištění majetku,True
36619117,Česká průmyslová zdravotní pojišťovna,47672234,OFFICE SYSTEM s.r.o.,26900467,265286.62,2026-01-29,2026,Kancelářské potřeby 1.Q 2026,False
36601265,Město Litvínov,00266027,DIGAMA ENERGY s.r.o.,09578706,1990000.0,2026-01-30,2026,Smlouva na plnění veřejné zakázky na realizaci akce - Údržba a opravy elektroinstalace objektů v majetku města Litvínova,False
36568881,Ministerstvo pro místní rozvoj,66002222,Gmina Miejska Kłodzko,None,43235837.414,2024-11-26,2024,Pevnosti bez hranic II,False
36568789,Česká republika - Ministerstvo obrany,60162694,Dlugosz s.r.o.,14062020,381392.0,2026-01-28,2026,ZD1081/2025-SEG - Nábytek kancelářský OP JAK SPEC II,False
36567165,"Základní škola, Praha 13, Mládí 135",70101078,British Council - pobočka Česká republika,75086913,55500.0,2026-01-28,2026,Dohoda o spolupráci v rámci uspořádání zkoušek Cambridge English,True
36558589,"Základní škola Mělník, Jaroslava Seiferta 148 příspěvková organizace",47011327,Ing. Vlastimil Hlaváček,86566695,161810.0,2025-12-30,2025,Objednávka školního nábytku,True
36529481,"Masarykova základní škola Litoměřice, Svojsíkova 5",46773436,The British Council - pobočka Česká republika,75086913,94876.0,2026-01-23,2026,Dohoda o spolupráci v rámci uspořádání zkoušek Cambridge English,True
36527129,"Hotelová škola Poděbrady, příspěvková organizace",00069175,ANARKADA s.r.o.,05291411,18327973.12,2026-01-26,2026,Modernizace školních kuchyněk - stavební práce - opakování II,True
36504873,"Malostranské gymnázium, Praha 1, Josefská 7",63109662,SKOLATO s.r.o.,05459818,136813.12,2026-01-21,2026,G/20/2025-školní nábytek,True
36494941,"Základní umělecká škola, Hranice, Školní náměstí 35",47184477,Sensio.cz s.r.o.,04004621,51120.0,2025-11-21,2025,Poskytnutí užívání software iZUŠ,True
36481917,"Gymnázium, Žatec, Studentská 1075, příspěvková organizace",61357278,SKOLATO s.r.o.,05459818,160689.17,2025-11-24,2025,kupní smlouva na školní nábytek,True
36481813,"Gymnázium, Žatec, Studentská 1075, příspěvková organizace",61357278,MULTIP Moravia s.r.o.,16627971,227435.54,2025-10-29,2025,kupní smlouva na školní nábytek,True
36479613,Malostranská základní škola,60436093,MY DVA holding a.s.,25676059,121848.5,2026-01-20,2026,Z/163/2025-nábytek do učeben,True
36477261,"Základní škola a Mateřská škola Nýřany, příspěvková organizace",60611880,Koza Doma   s.r.o. .,61329487,288645.0,2026-01-13,2026,Nájemní smlouva - Letní tábor DDM,True
36468625,Město Luhačovice,00284165,"ČSOB Pojišťovna, a. s., člen holdingu ČSOB",45534306,1299656.0,2025-12-09,2025,Pojistná smlouva - Pojistná smlouva č. 8083137110 (majetek),False
36450569,"Česká zemědělská akademie v Humpolci, střední škola",62540050,"PROFIL NÁBYTEK, a.s.",48202118,385000.0,2026-01-19,2026,"Nákup vybavení- vitríny, terárium, pracovní stoly-",True
36444245,"Střední průmyslová škola stavební Josefa Gočára, Praha 4, Družstevní ochoz 3",49624059,HOSS a.s.,26211726,15257413.76,2025-12-03,2025,smlouva o dílo - stavební práce (učebny),True
36439161,"Základní škola, Jičín, Poděbradova 18",75019485,NÁBYTEK HONZA s.r.o.,27198821,88190.0,2025-12-19,2025,Kupní smlouva -židle 2025,True
36429453,"3. základní škola, Rakovník, Okružní 2331",47013991,Křovina s.r.o.,26424819,140000.0,2025-12-18,2025,Dodávka školního nábytku,True
36404313,"Základní škola Mělník, Jaroslava Seiferta 148 příspěvková organizace",47011327,"Z + M Logistics, spol. s r.o.",28650808,151360.0,2025-12-15,2025,Pořízení nábytku do učebny č. 43,True
36402065,"Mateřská škola, Neplachova 3, České Budějovice",70877602,"Mateřská škola, Neplachova 3, České Budějovice",70877602,50016.53,2025-12-29,2025,Nábytek pro vybavení školní jídelny,True
36398685,Malostranská základní škola,60436093,MY DVA holding a.s.,25676059,110148.07,2025-12-12,2025,Z/135/2025-nábytek do školní družiny,True
36398117,"Základní škola Hradební, Broumov",48623008,SKOLATO s.r.o.,05459818,119442.15,2025-12-31,2025,Školní nábytek,True
36389989,Město Přelouč,00274101,SOP a.s.,60913843,139194668.0,2025-12-17,2025,Smlouva č. 64/02 SOP a.s.,False
36381061,Královéhradecký kraj,70889546,"STYLBAU, s.r.o.",25957481,8848916.38,2026-01-14,2026,"ZD/24/418 Budova G dolní areál ON Ná, náhradní prostory pro odd. onkologie - cytostatika / zhotovitel",False
36372849,"Základní škola a Mateřská škola Olomouc, Demlova 18, příspěvková organizace",61989665,"Promidi, s.r.o.",29037557,72258.0,2025-12-19,2025,Školní nábytek MŠ,True
36350645,"Základní škola Jižní předměstí Rokycany, příspěvková organizace",70981469,SANTAL spol. s r. o.,42408121,75000.0,2025-12-19,2025,Objednávka čkolního nábytku,True
36344301,"Základní škola a mateřská škola Petra Strozziho, Praha 8, Za Invalidovnou 3",60461853,"Auto Asistence, s.r.o.",21408424,180000.0,2026-01-02,2026,Smlouva o obchodní spolupráci r. 2026,True
36342909,Město Cheb,00253979,Moderní škola s.r.o.,28607376,4289516.26,2026-01-08,2026,Kupní smlouva - dodávka nábytku do čtyř učeben a jednoho kabinetu do 5. ZŠv Chebu.,False
36335993,"Základní škola a mateřská škola Praha 5 - Smíchov, Kořenského 10/760, příspěvková organizace",70107416,MULTIP Moravia s.r.o.,16627971,213309.0,2025-12-09,2025,školní nábytek,True
36332129,"Základní škola a Mateřská škola, Chomutov, 17. listopadu 4728, příspěvková organizace",46789791,ABCD Služby školám s.r.o.,62244892,69250.0,2026-01-06,2026,Objednávka nábytku,True
36321873,"Dětský domov, Základní škola a Střední škola, Duchcov, příspěvková organizace",61515582,2Traders CZ s.r.o.,27592421,89276.04,2025-12-27,2025,Nákup myček nádobí,True
36319181,"Fakultní základní škola a mateřská škola Barrandov II při PedF UK, Praha 5 - Hlubočepy, V Remízku 7/919, příspěvková organizace",69781745,REKREAČNÍ STŘEDISKA M+CH s.r.o.,19907567,127070.0,2025-12-11,2025,Zajištění ubytování a stravování,True
36296313,"Lesní mateřská škola Jablonec nad Nisou - Proseč nad Nisou, příspěvková organizace",22296816,"Lesní mateřská škola Jablonec nad Nisou - Proseč nad Nisou, příspěvková organiza",22296816,180000.0,2025-12-30,2025,Drobné vybavení a věci potřebné k fungování mateřské školy,True
36293661,Město Telč,00286745,"Služby Telč, spol. s r.o.",63496577,18185000.0,2025-12-22,2025,Smlouva o zabezpečení veřejně prospěšných služeb pro město Telč a místní část Studnice v období od 1. 12. 2025 do 30. 11,False
36287689,"Základní škola a mateřská škola, Praha 2, Na Smetance 1",47611928,Křovina s.r.o.,26424819,84649.46,2025-12-30,2025,Objednávka školního nábytku,True
36269333,"Základní škola a mateřská škola Ostrava-Hrabůvka, Mitušova 16, příspěvková organizace",70631735,Baar Group s.r.o.,06745342,2021063.0,2025-12-30,2025,Dodávka nábytku a nábytkového vybavení,True
36258593,"Střední škola, základní škola a mateřská škola pro sluchově postižené, Olomouc, Kosmonautů 4",00844071,"PROFIŠKOLY - nábytek, s.r.o.",14167638,307229.36,2025-12-19,2025,Objednávka č. 10/2025-JP,True
36238237,"Základní škola jazyků Karlovy Vary, příspěvková organizace",00872296,ALUXXON - TABULE s.r.o.,27151727,182560.0,2025-12-17,2025,Objednávka školního nábytku - vybavení chodeb,True
36235637,"Gymnázium Joachima Barranda, Beroun, Talichova 824",47558407,NÁBYTEK HONZA s.r.o.,27198821,76785.0,2025-12-19,2025,"školní nábytek 17 setů, katedra",True
36227429,Univerzita Jana Evangelisty Purkyně v Ústí nad Labem,44555601,ABCD Služby školám s.r.o.,62244892,356157.0,2025-12-17,2025,Kupni smlouva - Nabytek UJEPACEK,False
36193213,"Ministerstvo školství, mládeže a tělovýchovy",00022985,"PROFIL NÁBYTEK, a.s.",48202118,19348159.84,2025-12-22,2025,Rámcová dohoda „Nábytek pro MŠMT 2025-2028“,False
36186013,Statutární město Opava,00300535,"ALEX kovový a školní nábytek, s.r.o.",26943344,2416627.4,2025-12-18,2025,"dodatek č. 2 ke smlouvě o dílo (změna v rozsahu předmětu/ceny díla, + 128.782,40 Kč) - Oprava zázemí klubu SFC Opava, fo",False
36179517,"Mateřská škola Trojlístek Nový Jičín, Máchova 62, příspěvková organizace",62330101,MULTIP Moravia s.r.o.,16627971,101603.31,2025-12-22,2025,Nákup školního nábytku,True
36171409,20. základní škola Plzeň,69972150,Ladislav Janda,16672011,175193.48,2025-11-22,2025,"objednávka nábytku: Katedry, kontejnery",True
36171405,20. základní škola Plzeň,69972150,Ladislav Janda,16672011,137480.2,2025-11-22,2025,objednávka nábytku: Desky na lavice,True
36171397,20. základní škola Plzeň,69972150,Ladislav Janda,16672011,270580.2,2025-11-22,2025,objednávka nábytku: Jídelní židle,True
36158357,"Základní škola, Mateřská škola a Praktická škola Kolín, příspěvková organizace",70831378,"PROFIŠKOLY - nábytek, s.r.o.",14167638,78735.0,2025-12-19,2025,"Šatní skřínky, skříňky bez soklu",True
36155761,"Masarykova střední škola zemědělská a přírodovědná, Opava, příspěvková organizace",47813130,"Školní statek, Opava, příspěvková organizace",00098752,396000.0,2025-12-03,2025,Smlouva o výpůjčce nebytových prostor a věcí movitých,True
36148257,"Základní škola a Mateřská škola Vyškov, Letní pole, příspěvková organizace",46270981,"ALEX kovový a školní nábytek, s.r.o.",26943344,67000.0,2025-12-05,2025,Pořízení šatních skříněk,True
36146889,"Základní škola T.G.Masaryka Kutná Hora, Jiráskovy sady 387",71002090,REKREAČNÍ STŘEDISKA M+CH s.r.o.,19907567,104000.0,2025-12-11,2025,Smlouva o poskytování ubytování a stravování - 1. a 2.roč.,True
36146261,"Základní škola T.G.Masaryka Kutná Hora, Jiráskovy sady 387",71002090,ALUXXON - TABULE s.r.o.,27151727,415619.84,2025-12-10,2025,Kupní smlouva - školní nábytek,True
36144917,Odborné učiliště Kelč,00843318,"ALEX kovový a školní nábytek, s.r.o.",26943344,54110.0,2025-12-17,2025,Nákup žákovských židlí a stolů,True
36143345,"Základní škola Bruntál, Okružní 38, příspěvková organizace",75026961,MUŠLA CZ s.r.o.,23627662,140000.0,2025-12-17,2025,školní nábytek,True
36138465,"Dětský domov, Základní škola a Střední škola, Duchcov, příspěvková organizace",61515582,Truhlářství Šimeček,87992981,493388.42,2025-12-04,2025,"Výroba a montáž 2 ks kuchyňských linek, nástavců skříní do tříd, instalace myček",True
36136857,Město Stod,00257265,Generali Česká pojišťovna a.s.,45272956,356096.0,2025-12-16,2025,"smlouva o pojištění majetku a odpovědnosti - živly, odcizení, stroje, elektronika, odpovědnost",False
36133297,Základní škola Řevnice,47005254,REKREAČNÍ STŘEDISKA M+CH s.r.o.,19907567,62100.0,2025-12-18,2025,Smlouva o poskytnutí ubytování a stravování,True
36127505,Univerzita Palackého v Olomouci,61989592,Metrostav CZ s.r.o.,25021915,190935446.58,2025-01-28,2025,Smlouva o dílo - PdF/UPOL - Rekonstrukce vybraných prostor objektu Žižkovo nám. 5,False
36125165,"Základní škola a Mateřská škola Vsetín, Luh 1544, příspěvková organizace",60990406,MULTIP Moravia s.r.o.,16627971,150991.26,2025-12-18,2025,Dodávka nábytku pro školní družinu,True
36124197,Jihočeský kraj,70890650,"Kooperativa pojišťovna, a.s., Vienna Insurance Group",47116617,39650700.0,2025-12-16,2025,"PS HAV, nová flotila od 1.1.2026 - 31.12.2030",False
36122821,"Základní škola a mateřská škola, Praha - Nebušice",49624539,Kenast s.r.o.,27243397,138512.0,2025-12-18,2025,Pořízení nábytku ,True
36102677,"Základní umělecká škola Gustava Mahlera Humpolec, Školní 701",62540114,"UNIQA pojišťovna, a.s.",49240480,51788.0,2025-12-15,2025,Pojistná smlouva - pojištění majetku a odpovědnosti,True
36102637,Státní zdravotní ústav,75010330,GEOPRINT s.r.o.,27271633,540025.0,2025-12-15,2025,Smlouva o dílo - zajištění tisku zdravotně výchovných materiálů,False
36101817,"CHEVAK Cheb, a.s.",49787977,"Česká podnikatelská pojišťovna, a.s., Vienna Insurance Group",63998530,2968560.0,2025-12-09,2025,Pojistná smlouva,False
36100281,"Základní škola pod Svatou Horou, Příbram",42730686,Baar Group s.r.o.,06745342,171000.0,2025-12-11,2025,Objednávka šatních skříněk,True
36096237,"Základní umělecká škola Jaroslava Kvapila Brno, příspěvková organizace",44993510,Sensio.cz s.r.o.,04004621,100618.8,2025-12-16,2025,Smlouva o poskytnutí software iZUŠ,True
36091697,"AQUAPARK OLOMOUC, a.s.",27820378,CENTROPROJEKT GROUP a.s.,01643541,650000.0,2025-12-17,2025,Dodatek č. 3 ke Smlouvě o dílo ze dne 5. 3. 2024,False
36091605,"Speciální základní škola, mateřská škola a praktická škola Skuteč",72048905,"PROFIŠKOLY - nábytek, s.r.o.",14167638,84898.44,2025-12-12,2025,Dodávka školního nábytku,True
36082993,"Základní umělecká škola
Kroměříž",63414929,Sensio.cz s.r.o.,04004621,85320.0,2025-12-15,2025,poskytnutí software iZUŠ,True
36080573,"Základní škola Vyškov, Nádražní 5, příspěvková organizace",46271007,LIGNOMETAL s.r.o.,26956756,84150.0,2025-12-08,2025,školní nábytek,True
36067861,Základní škola Fryčovická,63832151,REKREAČNÍ STŘEDISKA M+CH s.r.o.,19907567,226200.0,2025-12-04,2025,Smlouva 27/2025 ŠvP RS Blaník 25.-29.5.2026 2.třídy a 3.C,True
36066209,20. základní škola Plzeň,69972150,Ladislav Janda,16672011,324546.2,2025-12-12,2025,Objednávka školního nábytku,True
36058797,"Základní škola waldorfská, Praha 5 - Jinonice, Butovická 228/9, příspěvková organizace",65990722,Najman Vladimír,69734542,499600.0,2025-12-10,2025,Rozšíření přírodní zahrady na Základní škole waldorfské,True
36049689,"Základní škola jazyků Karlovy Vary, příspěvková organizace",00872296,SKOLATO s.r.o.,05459818,50140.49,2025-12-05,2025,Objednávka školní nábytek do učebny ,True
36043257,"Střední škola stavební a strojní, Teplice, příspěvková organizace",00497088,DAITL Vladimír,None,446764.88,2025-12-09,2025,Kupní smlouva-školní nábytek Duchcov,True
36041493,Město Český Těšín,00297437,"Česká podnikatelská pojišťovna, a.s., Vienna Insurance Group",63998530,22367952.0,2025-12-12,2025,Pojistná smlouva- pojištění majetku a odpovědnosti města Český Těšín,False
36039957,"Základní škola, Dětský domov, Školní družina a Školní jídelna, Vrbno p. Pradědem, nám. Sv. Michala 17, příspěvková organizace",00852619,René Darmovzal,47994304,1197000.0,2025-08-22,2025,Rekonstrukce boční kamenné zdi,True
36034021,"Základní škola, Brno, Holzova 1, příspěvková organizace",48512524,"ALEX kovový a školní nábytek, s.r.o.",26943344,102734.0,2025-12-09,2025,objednávka žákovských židlí,True
36030681,"Domov mládeže a školní jídelna Mariánské Lázně, příspěvková organizace",00377945,"BRADOP nábytek, s.r.o.",28573048,94413.2,2025-11-21,2025,"Objednávka DMaŠJML- 20 ks křeslo pevné PAUL, čalounění č. R47",True
36029637,Dětské skupiny města Příbram,22268618,MAKRA DIDAKTA s.r.o.,27916758,102950.0,2025-11-26,2025,"Kupní smlouva školní nábytek - zahradní domek, tabule, tabule kuličková dráha",False
36029185,"Gymnázium Joachima Barranda, Beroun, Talichova 824",47558407,NÁBYTEK HONZA s.r.o.,27198821,110686.0,2025-12-12,2025,školní nábytek,True
36028977,"Základní škola a mateřská škola Český Těšín Hrabina, příspěvková organizace",72545933,Martin Zientek,69209740,60740.0,2025-12-12,2025,Objednávka - nábytek do školní knihovny,True
36027145,"Základní škola Žatec, Petra Bezruče 2000, okres Louny",60275839,Miloš Gwizd,65644867,146700.0,2025-12-01,2025,Objednávka nábytku do kanceláře školní jídelny ,True
36025713,"Střední škola informatiky, elektrotechniky a řemesel Rožnov pod Radhoštěm",00843474,MY DVA holding a.s.,25676059,206116.66,2025-12-09,2025,nákup školního nábytku,True
36023969,Město Kolín,00235440,VPP Group a.s.,05191211,119101000.0,2025-12-11,2025,Smlouva o dílo na akci: „ZŠ Kolín-Sendražice - stavební úpravy a přístavba“,False
36012593,"Sociálně-právní institut, s.r.o.",61538353,"Základní škola Louny, Školní 2426, příspěvková organizace",49123858,2488888.0,2025-12-11,2025,"Rekonstrukce odborných učeben v Základní škole Louny, ul. Školní 2426",False
36011473,Dům dětí a mládeže Praha 4 - Hobby centrum 4,45241651,REKREAČNÍ STŘEDISKA M+CH s.r.o.,19907567,172900.0,2025-12-03,2025,Smlouva o poskytnutí ubytování a stravování v rekreačním středisku Blaník,False
36009773,"Gymnázium Karla Čapka, Dobříš, Školní 1530",61100331,MULTIP Moravia s.r.o.,16627971,216244.0,2025-11-25,2025,Kupní smlouva - školní nábytek do odborných učeben 2025,True
36005593,"Základní škola Slaný, Rabasova 821, okres Kladno",43776752,Křovina s.r.o.,26424819,367424.51,2025-12-11,2025,Kupní smlouva na školní nábytek,True
36003573,"Gymnázium, Český Krumlov, Chvalšinská 112",00583839,"ALEX kovový a školní nábytek, s.r.o.",26943344,132474.0,2025-12-11,2025,Lavičky do odpočívárny ve 2. patře,True
35987033,22. základní škola Plzeň,70837813,Life ProKlassa s.r.o.,03784762,348410.0,2025-12-10,2025,Objednávka školního nábytku,True
35984941,"Dětský domov Loreta a Školní jídelna, Fulnek, příspěvková organizace",62330268,Marian Vlček,88357091,73700.0,2025-12-05,2025,Zhotovení nábytku,True
35983513,"Základní škola Karla Čapka, Praha 10, Kodaňská 658/16, příspěvková organizace",47611057,REKREAČNÍ STŘEDISKA M+CH s.r.o.,19907567,325000.0,2025-12-10,2025,Smlouva o poskytnutí ubytování a stravování pro 143 žáků a 14 dospělých,True
35980289,"Základní škola Slaný, Politických vězňů 777, okres Kladno",43776761,MULTIP Moravia s.r.o.,16627971,187605.0,2025-12-10,2025,Kupní smlouva,True
35978289,Základní škola J. Gutha-Jarkovského,60436166,"Autovars Praha, s.r.o.",07699832,270000.0,2025-12-01,2025,Smlouva o obchodní spolupráci - kancelářské potřeby - papír apod.,True
35975717,"Centrální nákup Plzeňského kraje, příspěvková organizace",72046635,Desmex s.r.o.,14155419,1550000.0,2025-12-09,2025,Rámcová kupní smlouva - Školní nábytek pro Plzeňský kraj 2026,False
35963921,Středisko volného času RADOVÁNEK,69977836,REKREAČNÍ STŘEDISKA M+CH s.r.o.,19907567,569800.0,2025-12-08,2025,Ubytování a stravování LT Louňovice 07/26 120 osob á 7 dní dle ceníku,False
35959021,Základní umělecká škola Vladimíra Ambrose Prostějov,00402338,Sensio.cz s.r.o.,04004621,51048.0,2025-11-28,2025,Smlouva o poskytování software iZUŠ,True
35956425,"Základní škola T.G. Masaryka Bohumín - Pudlov Trnková 280 okres Karviná, příspěvková organizace",75029146,Hilbert Interiéry s.r.o.,28661133,2034593.22,2025-12-03,2025,Dodatek č.1 ke kupní smlouvě : vybavení do ZŠ - školní nábytek,True
35949581,"Základní škola Sokolov, Pionýrů 1614",69979073,"KECIP, s.r.o.",25426842,149000.0,2025-12-03,2025,Nábytek ŠD,True
35949573,"Základní škola Sokolov, Pionýrů 1614",69979073,"KECIP, s.r.o.",25426842,149000.0,2025-12-03,2025,Nábytek ŠD,True
35940173,"Základní škola Roudnice nad Labem, Jungmannova 660, okres Litoměřice",46773606,Stokna s.r.o.,02446197,331530.0,2025-11-12,2025,Výměna 7 ks. oken a dveří do školní kuchyně,True
35936593,"Základní škola a Mateřská škola, Praha 2, Resslova 10",60460318,"Základní škola a Mateřská škola, Praha 2, Resslova 10",60460318,62008.3,2025-06-02,2025,Objednávka školního nábytku - firma Křovina,True
35929417,"Střední škola informatiky, elektrotechniky a řemesel Rožnov pod Radhoštěm",00843474,"NÁŠ nábytek, s.r.o.",19323204,451363.64,2025-12-03,2025,nákup válend,True
35923669,"Školní jídelna, Rakovník, Martinovského 270, příspěvková organizace",04188101,"ČSOB Pojišťovna, a. s., člen holdingu ČSOB",45534306,112140.0,2025-12-05,2025,Pojistná smlouva č. 8083347611,True
35920105,Střední zdravotnická škola a Vyšší odborná škola zdravotnická Žďár nad Sázavou,00637696,MULTIP Moravia s.r.o.,16627971,63532.35,2025-12-05,2025,Kupní smlouva,True
35916065,"Základní škola a Mateřská škola, Praha 2, Resslova 10",60460318,SANTAL spol. s r. o.,42408121,258080.0,2025-11-12,2025,školní nábytek,True
35908761,Město Lučany nad Nisou,00262455,Hilbert Interiéry s.r.o.,28661133,3699999.0,2025-11-26,2025,ZŠ Lučany nad Nisou – dodávka nábytku,False
35902729,Statutární město Chomutov,00261891,"Základní škola Chomutov, Písečná 5144",00831476,15515592.0,2025-11-24,2025,Smlouva o spolupráci při realizaci projektu „Zajištění personální kapacity pro práci s dětmi a mládeží v Chomutově“,False
35883325,"Základní škola Vladislava Vančury, Praha - Zbraslav",61386961,REKREAČNÍ STŘEDISKA M+CH s.r.o.,19907567,111360.0,2025-11-28,2025,ŠVP,True
35882957,Město Bílina,00266230,Ing. arch. Jan Heller,73660680,1469000.0,2025-12-01,2025,Smlouva o dílo - Architektonická studie a projektová dokumentace - návrh nové budovy (případně souboru budov) odborného ,False
35881061,Gymnázium a Jazyková škola s právem státní jazykové zkoušky Zlín,00559504,VKUS-BUSTAN s.r.o.,26841410,500000.0,2025-12-02,2025,"Objednávka kancelářských potřeb, školního nábytku a hygienických potřeb",True
35872109,"Střední průmyslová škola elektrotechnická, Havířov, příspěvková organizace",62331574,Ing. Luděk Budík,10129405,480000.0,2025-11-18,2025,Smlouva o dílo na zhotovení projektové dokumentace u akce &quot;Rekonstrukce vchodu a chodeb školy&quot;,True
35870557,"Sigmundova střední škola strojírenská, Lutín",66935733,MULTIP Moravia s.r.o.,16627971,149107.44,2025-12-03,2025,"Nákup školního nábytku:30 ks židle GABI vs5 R5015 30 ks Lavice GABI 23 - 1M, vel.6, koš 8 ks sezení CODA-LIMA 3M",True
35869213,Základní škola J. A. Komenského Dačice,75000059,SANTAL spol. s r. o.,42408121,113968.0,2025-11-05,2025,Školní nábytek,True
35868337,"Střední škola, Havířov-Prostřední Suchá, příspěvková organizace",13644271,SKOLATO s.r.o.,05459818,89366.94,2025-11-25,2025,Objednávka - Objednávka 87-2025 školní nábytek,True
35849597,"1. základní škola T.G. Masaryka Milevsko, Jeřábkova 690, okres Písek",71000381,Radek Hátle,15931722,75496.0,2025-12-01,2025,Nábytek do školní družiny,True
35832513,"Jubilejní Masarykova základní škola a mateřská škola, Třinec, příspěvková organizace",70640009,SKOLATO s.r.o.,05459818,181390.0,2025-11-25,2025,"Objednávka - školní nábytek-lavice, židle",True
35832113,"Jubilejní Masarykova základní škola a mateřská škola, Třinec, příspěvková organizace",70640009,MULTIP Moravia s.r.o.,16627971,229473.0,2025-11-24,2025,Objednávka - školní nábytek,True
35831265,"Mateřská škola, Základní škola a Praktická škola, České Budějovice, Štítného 3",60075856,SANTAL spol. s r. o.,42408121,213539.59,2025-12-01,2025,Nákup školního nábytku,True
35827961,"Základní škola, Znojmo, Mládeže 3, příspěvková organizace",45671311,"DISTR služba škole, s.r.o.",08998078,175100.0,2025-12-01,2025,Nákup školních lavic a židlí,True
35824717,Základní škola U Kostela Moravská Třebová,63609053,"ALEX kovový a školní nábytek, s.r.o.",26943344,331136.0,2025-12-01,2025,Smlouva - dodávka školního nábytku,True
35820877,"Vyšší odborná škola zdravotnická, Střední zdravotnická škola a Obchodní akademie, Trutnov",13582968,"DRUTĚVA, výrobní družstvo",00027618,140288.0,2025-11-27,2025,Objednávka školní nábytek,True
35816097,"Základní umělecká škola Mladá Boleslav, 17. listopadu 1325, příspěvková organizace",17285241,Sensio.cz s.r.o.,04004621,67320.0,2025-11-27,2025,Poskytnutí software,True
35813157,"Dětský domov a Školní jídelna, Radkov-Dubová 141, příspěvková organizace",47813563,"ASKO - NÁBYTEK,spol.s r.o.",41193946,59881.8,2025-11-27,2025,Objednávka nábytku do 4 ložnic v dětském domově,True
35809473,"Základní škola a mateřská škola Prostějov, Kollárova ul. 4",47922494,TREND gastronomie s.r.o.,27822371,86799.35,2025-11-27,2025,Výměna 3 rolet u výdejních okének  ve školní jídelně a dodání 2 nerezových stolů tamtéž,True
35808013,"Střední zdravotnická škola, Písek, Národní svobody 420",00512281,"ALEX kovový a školní nábytek, s.r.o.",26943344,158204.0,2025-11-13,2025,"ALEX kovový a školní nábytek, s.r.o._objednávka_Nábytek 2",True
35807349,"AKORD &amp; POKLAD, s.r.o.",47973145,"PORG - gymnázium, základní škola a mateřská škola, o.p.s.",25698117,69360.0,2025-11-05,2025,Smlouva o poskytnutí pronájmu prostor č. SM2500373 - Školní maturitní ples Gymn. PORG,False
35802177,"Základní škola Český Krumlov, Plešivec 249",00583740,SKOLENKA s.r.o.,03929591,95575.0,2025-11-24,2025,Objednávka_žákovské lavice_židle,True
35796645,Gymnázium a Obchodní akademie Pelhřimov,62540009,Merkur Interier s.r.o.,27720641,114119.0,2025-11-21,2025,Školní nábytek do třídy,True
35796057,"Základní umělecká škola „Žerotín“ Olomouc, Kavaleristů 6",00096725,Sensio.cz s.r.o.,04004621,62580.0,2025-11-27,2025,Smlouva o poskytnutí softwaru iZUŠ,True
35791929,Základní umělecká škola Litoměřice,46773410,Sensio.cz s.r.o.,04004621,64740.0,2025-11-27,2025,Smlouva o poskytnutí software iZUŠ,True
35785461,"Základní škola a Dětský domov Sedlec-Prčice, Přestavlky 1, příspěvková organizace",70843538,Moderní škola s.r.o.,28607376,136188.0,2025-11-07,2025,objednávka  - školní nábytek do tříd ,True
35785157,"Základní škola a mateřská škola Prostějov, Kollárova ul. 4",47922494,LIGNOMETAL s.r.o.,26956756,111441.0,2025-11-25,2025,"Školní nábytek do tříd na ZŠ Kollárova, Prostějov",True
35785105,Základní umělecká škola Trutnov,68247117,Sensio.cz s.r.o.,04004621,60258.0,2025-11-27,2025,Poskytnutí software IZUŠ,True
35773701,"Vyšší odborná škola ekonomická, sociální a zdravotnická, Obchodní akademie, Střední pedagogická škola a Střední zdravotnická škola, Most, příspěvková organizace",49872427,MY DVA holding a.s.,25676059,167947.11,2025-11-25,2025,Nábytek do učeben část 3 - Židle do odborných učeben a ke katedrám,True
35773509,"Vyšší odborná škola ekonomická, sociální a zdravotnická, Obchodní akademie, Střední pedagogická škola a Střední zdravotnická škola, Most, příspěvková organizace",49872427,"NOVATRONIC, s.r.o.",62302701,309917.35,2025-11-18,2025,Nábytek do učeben část 2 - Šatní skříňky,True
35773333,"Vyšší odborná škola ekonomická, sociální a zdravotnická, Obchodní akademie, Střední pedagogická škola a Střední zdravotnická škola, Most, příspěvková organizace",49872427,MY DVA holding a.s.,25676059,424984.0,2025-11-25,2025,Nábytek do učeben část 1 - Lavice do učeben,True
35748849,"Základní škola, Plzeň, Heyrovského 23",49777718,MY DVA holding a.s.,25676059,65789.0,2025-11-20,2025,Objednávka č. ZSHey/110/25,True
35746577,"Vyšší odborná škola a střední škola Boskovice, příspěvková organizace",62073516,MULTIP Moravia s.r.o.,16627971,55975.41,2025-11-20,2025,Dodávka školního nábytku,True
35737729,"Dětský domov a Školní jídelna, Benešov, Racek 1",70843503,TREND nábytek s.r.o.,28495578,75371.9,2025-11-24,2025,Objednváka kancelářský kontejner se zámkem- noční stolky pro děti,True
35734513,Základní umělecká škola Jeseník,60341742,Sensio.cz s.r.o.,04004621,52152.21,2025-11-24,2025,smlouva o poskytnutí software iZUŠ 2026,True
35723597,Město Říčany,00240702,Daniel MÜLLER,66901537,91188.0,2025-09-24,2025,Lavice na hřiště Wolkerova,False
35692489,"Domov mládeže, internát a školní jídelna, Hradec Králové, Vocelova 1469/5",00528315,NÁBYTEK DUDYCHA s.r.o.,47471689,154000.0,2025-11-14,2025,Objednávka - nákup židlí,True
35689405,"Školní jídelna, Rakovník, Martinovského 270, příspěvková organizace",04188101,"ČSOB Pojišťovna, a. s., člen holdingu ČSOB",45534306,112140.0,2025-11-12,2025,Smlouva o vypořádání závazků k Pojistné smlouvě č. 8078895410,True
35688509,"Střední průmyslová škola, Mladá Boleslav, Havlíčkova 456",48683795,SANTAL spol. s r. o.,42408121,73348.0,2025-11-20,2025,Školní nábytek,True
35685417,"Střední odborná škola Znojmo, Dvořákova, příspěvková organizace",00055301,Desmex s.r.o.,14155419,203155.29,2025-09-24,2025,Nákup školního nábytku,True
35683525,"Domov mládeže a školní jídelna Mariánské Lázně, příspěvková organizace",00377945,"ITTC STIMA, spol. s r.o.",45022941,215454.54,2025-11-10,2025,Kupní smlouva na dodávku zboží,True
35669361,Domov mládeže a školní jídelna Pardubice,48161071,XLCZ Nábytek s.r.o.,27127133,96807.44,2025-11-06,2025,Sedací soupravy,True
35660053,"Základní škola a Mateřská škola Havlíčkův Brod, Wolkerova 2941",70910987,Santal spol. s r.o.,42408121,131817.4,2025-11-18,2025,Kupní smlouva,True
35659157,"Základní škola, Mateřská škola a Praktická škola Kolín, příspěvková organizace",70831378,"PROFIŠKOLY - nábytek, s.r.o.",14167638,73100.0,2025-11-18,2025,Nábytek do tříd,True
35649165,"Správa nemovitostí Olomouc, a.s.",25898736,Statutární město Olomouc,00299308,1411970.0,2025-11-18,2025,Kupní smlouva - kuchyně Hauenschildův palác,False
35644313,"Základní škola Ústí nad Labem, Hluboká 150, příspěvková organizace",44226241,MULTIP Moravia s.r.o.,16627971,208416.2,2025-05-21,2025,objednávka školního nábytku,True
35626381,"Střední průmyslová škola a Vyšší odborná škola, Chomutov, Školní 50, příspěvková organizace",47796006,"KOVO, výrobní družstvo",00030325,240315.68,2025-11-14,2025,Nákup žákovských lavic a židlí,True
35624437,"Dětský domov, Základní škola a Školní jídelna, Radenín 1",70535779,NÁBYTEK MĚŠICE ZDEŇKA KOŘENSKÁ,73555932,95576.0,2025-10-20,2025,Nábytek 4.RS - by,True
35619541,"Střední pedagogická škola a Střední zdravotnická škola, Krnov, příspěvková organizace",00601292,"ALEX kovový a školní nábytek, s.r.o.",26943344,76139.0,2025-11-13,2025,Objednávka lavic s opěradlem Vital,True
35603945,statutární město Plzeň,00075370,ARBYD CZ s.r.o.,26339269,2115427.0,2025-11-12,2025,Kupní smlouva na plnění veřejné zakázky &quot;Dodávka a instalace vybavení interiérů nové budovy úřadu - část 2 dodávka ,False
36795409,Jihomoravský kraj,70888337,"ESOX, spol. s r.o.",00558010,114716471.55,2026-02-10,2026,OST - ZZS JMK - výjezdová základna Břeclav - smlouva o dílo na zhotovení stavby VZ Břeclav,False
36792081,"Základní umělecká škola Pardubice-Polabiny, Lonkova 510",72566639,CAPEXUS s.r.o.,24131326,307977.0,2026-02-06,2026,kupní smlouva o dodávce zboží,True
36790193,"Základní škola, Ostrava-Poruba, K. Pokorného 1382, příspěvková organizace",61989142,mumandi s.r.o.,28591534,181500.0,2026-02-13,2026,Zajištění administace a organizace zadávacích řízení ,True
36768429,"Základní škola Ústí nad Labem, Neštěmická 787/38, příspěvková organizace",44226268,"Základní škola Ústí nad Labem, Neštěmická 787/38, příspěvková organizace",44226268,77041.32,2026-02-01,2026,objednávka žákovského nábytku,True
36758889,"Základní škola s rozšířeným vyučováním cizích jazyků, Teplice, Metelkovo nám. 968",46070877,Jaroslav Kulhánek,45339104,89340.0,2025-10-06,2025,Zahradní nábytek,True
36755797,"Výchovný ústav a střední škola, Olešnice na Moravě, Trpínská 317",62073079,"Výchovný ústav a střední škola, Olešnice na Moravě, Trpínská 317",62073079,64961.0,2026-02-05,2026,"Nákup nábytku, konkrétně dvou kancelářských židlí a dvou kuchyňských linek, včetně dopravy montáže odvozu obalů a umístě",True
36744565,Univerzita Palackého v Olomouci,61989592,Gavi interiér s.r.o.,04293860,479000.0,2026-02-09,2026,Objednávka: 4598005301 nábytek na míru do malé zasedací místnosti RUP,False
36742649,Základní škola Praha - Kbely,61384780,OLMAN SERVICE s.r.o.,26293102,2900000.0,2026-01-30,2026,Smlouva o poskytování komplexních úklidových služeb,True
36715449,Statutární město Ostrava,00845451,KARFO velkoobchod s.r.o.,26872382,4500000.0,2026-02-09,2026,Zveřejnění RD č. 0340/2026/HS/VZ_Drogerie bez NP,False
36643505,"Základní škola Sokolov, Pionýrů 1614",69979073,LB Nábytek s.r.o.,26404061,346400.0,2026-02-03,2026,Nákup nábytku do kanceláří školy,True
36642349,"Základní škola a Mateřská škola T.G.Masaryka, Rudolfovská 143, České Budějovice",70877645,Richard Pechoč,67164463,86000.0,2026-01-12,2026,Výroba a montáž nábytku a krytů radiátorů,True
36641473,"Střední škola stavební a dřevozpracující, Ostrava, příspěvková organizace",00845213,HOMOLA a.s.,26792770,768986.37,2026-01-12,2026,Smlouva o dílo -  havarijní oprava teplovodu,True
36616333,"Statutární město Ostrava, městský obvod Moravská Ostrava a Přívoz",00845451,"Základní škola Ostrava, Zelená 42, příspěvková organizace",70933987,4255065.67,2026-01-29,2026,Smlouva - bezúplatná výpůjčka hmotných a nehmotných věcí pořízených v rámci projektu,False
36616317,"Statutární město Ostrava, městský obvod Moravská Ostrava a Přívoz",00845451,"Základní škola Ostrava, Gen. Píky 13A, příspěvková organizace",70933928,5395806.24,2026-01-29,2026,Smlouva - bezúplatná výpůjčka hmotných a nehmotných věcí pořízených v rámci projektu,False
36602881,Město Mohelnice,00303038,Generali Česká pojišťovna a.s.,45272956,926000.0,2026-01-30,2026,Pojistná smlouva - o pojištění majetku a odpovědnosti,False
36597137,Univerzita Pardubice,00216275,"Apinae Design, s.r.o.",22284206,278712.0,2026-01-29,2026,Vybavení interiéru pro budovu EA a EB (FES) – 2. etapa – 1. část: židle,False
36594857,"Střední škola průmyslová a umělecká, Opava, příspěvková organizace",47813121,JANKOSTAV s.r.o.,25855581,1652919.45,2026-01-30,2026,smlouva o dílo ,True
36589629,"Vyšší odborná škola a Střední škola veterinární, zemědělská a zdravotnická Třebíč",60418460,Life ProKlassa s.r.o.,03784762,358758.95,2026-01-29,2026,Kupní smlouva na dodání nábytku a vybavení učeben.,True
36587797,Univerzita Palackého v Olomouci,61989592,"Řempo LYRA, s.r.o.",25384660,187809.06,2026-01-28,2026,Objednávka: 4582012528 Nákup čistících přípravků pro SKM UP,False
36585561,"Střední škola elektrotechnická a energetická Sokolnice, příspěvková organizace",00380407,Atelier 99 s.r.o.,02463245,7840000.0,2026-01-29,2026,Zpracování projektové dokumentace - Přístavba SŠEE Sokolnice,True
36584605,"Základní škola a mateřská škola Ostrava - Zábřeh, Volgogradská 6B, příspěvková organizace",70978328,"SMERO, spol. s r.o.",25527886,180185.94,2026-01-28,2026,Kancelářský nábytek ,True
36582637,Masarykova univerzita,00216224,"Tělovýchovná jednota Rapid Brno, z.s.",44960221,63000.0,2026-01-29,2026,Nájemní smlouva - Smlouva o užívání části sportovního areálu TJ Rapid Brno (vnitřní prostory loděnice a přilehlé venkovn,False
36570089,"Základní škola, Brno, Řehořova 3, příspěvková organizace",49466135,NESTRONIC s.r.o.,13693336,52480.0,2026-01-28,2026,Nábytek,True
36567265,"Střední průmyslová škola dopravní, Plzeň, Karlovarská 99",69457930,"Středisko služeb školám, Plzeň, Částkova 78",49777700,503173.55,2026-01-26,2026,"Objednávka na nábytek do domova mládeže Skrétova, Průkopníků",True
36559705,Vysoká škola ekonomická v Praze,61384399,Nikola Bílá,72141883,151800.0,2026-01-27,2026,Pronájem místnosti č. 236 v budově FM JH,True
36559621,Vysoká škola ekonomická v Praze,61384399,Mgr. Alena Pikhartová,04843665,152600.0,2025-01-27,2025,Pronájem místnosti č. 237 v budově FM JH,True
36539101,"Základní škola Nový Jičín, Komenského 66, příspěvková organizace",00848336,RI OKNA a.s.,60724862,121121.0,2026-01-22,2026,"Smlouva o dílo - dodávka a montáž oken a dveří, žaluzie a síta v ŠJ",True
36537553,Základní škola a mateřská škola Plzeň-Božkov,70879214,Koza Doma   s.r.o. .,61329487,102280.0,2026-01-19,2026,Smlouva - ŠvP,True
36536241,5. mateřská škola Dobříš,61100307,Baar Group s.r.o.,06745342,142685.97,2026-01-19,2026,objednávka „Dětský nábytek HAPPY do mateřské školy“,True
36533453,"Základní škola a Praktická škola Moravské Budějovice, Dobrovského 11",60418494,Merkur Interier s.r.o.,27720641,242544.0,2025-12-30,2025,kupní smlouva na nábytek,True
36533313,"Střední odborná škola a Střední odborné učiliště, Nymburk, V Kolonii 1804",14451026,"SMERO, spol. s r.o.",25527886,550000.0,2026-01-26,2026,Rámcová kupní smlouva- hygienické a čisticí prostředky,True
36521017,"Gymnázium, Praha 5, Na Zatlance 11",61385271,"Gymnázium, Praha 5, Na Zatlance 11",61385271,150000.0,2025-12-18,2025,Darovací smlouva spolku přátel školy,True
36513601,Univerzita Palackého v Olomouci,61989592,KAREL BOČÁNEK s.r.o.,23969415,749000.0,2026-01-22,2026,Objednávka: 4541021962 Stěhovací služby pro Pedagogickou fakultu,False
36497597,"Střední průmyslová škola, Obchodní akademie a Jazyková škola s právem státní jazykové zkoušky, Frýdek-Místek, příspěvková organizace",00601381,AITAA system s.r.o.,08393176,4635361.55,2026-01-22,2026,Smlouva o dílo na stavbu „Green &amp; Smart – stavební část“,True
36492873,"Diagnostický ústav a základní škola Praha 2, Lublaňská 33, státní příspěvková organizace",49625357,Profil nábytek a.s.,48202118,80950.0,2026-01-22,2026,Prováděcí smlouva na dodávky nábytku,True
36459793,Město Moravské Budějovice,00289931,"UNIQA pojišťovna, a.s.",49240480,609336.0,2026-01-16,2026,Pojistná smlouva o pojištění majetku a odpovědnosti č. 2732329275,False
36455953,"Základní škola Ostrava-Výškovice, Srbská 2, příspěvková organizace",70631778,"STOLAŘSTVÍ MaJaMi, s.r.o.",26825376,289143.0,2026-01-19,2026,Ubytování ,True
36410293,"Střední zemědělská škola a Střední odborné učiliště Čáslav, příspěvková organizace",49797999,HOSH company s.r.o.,07942044,2500000.0,2026-01-14,2026,ubytování zaměstnanců firmy,True
36409617,Univerzita Palackého v Olomouci,61989592,Gavi interiér s.r.o.,04293860,162580.0,2026-01-12,2026,Objednávka: 4590019454 Sedací souprava a křesla do malé zasedací místnosti RUP,False
36408817,"Základní škola, Brno, Jasanová 2, příspěvková organizace",44994290,PAPERA s.r.o.,25945653,106123.36,2025-12-29,2025,Kancelářské a hygienické potřeby,True
36403369,"Speciální mateřská škola, základní škola a praktická škola Pardubice",60158981,"C.T. PARTNER, s.r.o.",64791734,282420.0,2025-12-19,2025,dodávka a montáž nábytku do tříd,True
36398985,"Střední odborná škola a Střední odborné učiliště, Písek, Komenského 86",00511382,"K a K stavoinvesta, s.r.o.",46966218,52413.22,2026-01-15,2026,8x set na sezení,True
36397181,"Střední zdravotnická škola a Vyšší odborná škola zdravotnická, České Budějovice, Husova 3",00582239,SANTAL spol. s r. o.,42408121,252784.0,2025-12-18,2025,Objednávka nábytku do učebny psychologie,True
36397033,"Střední zdravotnická škola a Vyšší odborná škola zdravotnická, České Budějovice, Husova 3",00582239,SANTAL spol. s r. o.,42408121,76835.0,2025-12-18,2025,Objednávka nábytku do učebny - PT,True
36386925,"Základní škola a Mateřská škola pro tělesně postižené, Liberec, Lužická 920/7, příspěvková organizace",46749799,mmilenium s.r.o.,08254532,97253.75,2026-01-14,2026,Objednávka chladicí vitríny a nerezového nábytku,True
36386893,"Základní škola T. G. Masaryka Podbořany, Husova 445, okres Louny",70879010,NÁBYTEK HONZA s.r.o.,27198821,253487.6,2025-12-30,2025,Objednávka lavic a židlí,True
36363357,"Základní škola, Ostrava-Poruba, J. Šoupala 1609, příspěvková organizace",70984751,InterŠKOL a.s.,24814466,623271.0,2026-01-12,2026,nábytek pro družinu a šatny,True
36360269,14. základní škola Plzeň,68784643,MY DVA holding a.s.,25676059,78589.5,2025-12-20,2025,Vybavení kabinetu TV,True
36354177,Vysoká škola báňská - Technická univerzita Ostrava,61989100,Merci sro.   ,46966447,73240.0,2026-01-08,2026,Objednávka - laboratorní rohový stůl,True
36353417,"Základní škola JIH, Mariánské Lázně, Komenského 459, příspěvková organizace",47723505,"Základní škola JIH, Mariánské Lázně, Komenského 459, příspěvková organizace",47723505,67450.0,2025-11-26,2025,Objednávka - židle do třídy,True
36351973,"Střední zemědělská škola a Střední odborné učiliště Čáslav, příspěvková organizace",49797999,"KOVO, výrobní družstvo",00030325,358954.0,2026-01-12,2026,"vybavení učebny - katedra, židle, lavice pro žáky,skříně, vnitřní rolety,vitríny,poloh.stůl",True
36343445,"Střední škola prof. Zdeňka Matějčka, Ostrava-Poruba, příspěvková organizace",13644319,AZ-PROŠKOLY s.r.o.,14341280,71432.0,2026-01-08,2026,Výroba montáž nábytku,True
36335405,"Základní škola, Tanvald, Údolí Kamenice 238, příspěvková organizace",60254238,NÁBYTEK HONZA s.r.o.,27198821,188084.29,2025-12-23,2025,Nábytek Honza - ZS Tanvald - Nákup školního nábytku,True
36333437,Město Uherský Brod,00291463,WRDATACENTRUM s.r.o.,07048831,607932.0,2026-01-09,2026,Smlouva na implementaci virtuální reality do škol v Uherském Brodě - dodávka software k virtuální realitě,False
36330985,"Střední škola, Havířov-Prostřední Suchá, příspěvková organizace",13644271,"TC servis, s.r.o.",25533673,1408861.82,2026-01-09,2026,Smlouva o dílo - Smlouva o dílo &quot;Konektivita budovy&quot;,True
36327909,"Základní škola JIH, Mariánské Lázně, Komenského 459, příspěvková organizace",47723505,"Základní škola JIH, Mariánské Lázně, Komenského 459, příspěvková organizace",47723505,80553.49,2025-11-27,2025,Objednávka - nábytek do sborovny ŠD,True
36317977,"Základní škola Žatec, Komenského alej 749, okres Louny",61357421,Jan Vondráček,75440857,147400.0,2025-12-10,2025,Objednávka č. 34 - nábytek do kanceláře č.26,True
36317861,Město Žďár nad Sázavou,00295841,Trigema Building a.s.,27653579,88632537.0,2025-12-29,2025,Smlouva o dílo - smlouva o zabezpečení vyprojektování a realizace stavby s názvem Bytový dům na ul. Dr. Drože,False
36317757,Město Blatná,00250996,Svaz měst a obcí Jihočeského kraje,68543727,132903.38,2025-12-31,2025,Smlouva o výpůjčce v rámci projektu &amp;quot;Pořízení kompostérů a štěpkovačů pro domácí kompostování&amp;quot;,False
36313757,"Fakultní základní škola Komenium a Mateřská škola Olomouc, 8. května 29, příspěvková organizace",70631018,"Fakultní základní škola Komenium a Mateřská škola Olomouc, 8. května 29, příspěv",70631018,92800.0,2025-12-10,2025,nábytek do zázemí ,True
36309405,Univerzita Tomáše Bati ve Zlíně,70883521,"QUERCUS NÁBYTEK,s.r.o.",47917601,775853.0,2026-01-07,2026,Kupní smlouva - MILAN - nábytek kusový 14/2025 pro Fakultu multimediálních komunikací ,False
36300421,"Základní škola JIH, Mariánské Lázně, Komenského 459, příspěvková organizace",47723505,"Základní škola JIH, Mariánské Lázně, Komenského 459, příspěvková organizace",47723505,117102.0,2025-12-23,2025,"Objednávka - nábytek do třídy, lavice, tabule",True
36296697,Základní umělecká škola Zábřeh,64095151,AVT Group a.s.,01691988,11357707.0,2025-05-14,2025,"Smlouva o dílo ""Pořízení digitálních technologií pro výuku v ZUŠ Zábřeh"" - provedení stavebních a montážních prací včetn",True
36292805,"Střední zemědělská škola a Střední odborné učiliště Čáslav, příspěvková organizace",49797999,Maso Čáslav s.r.o.,26493268,3000000.0,2026-01-07,2026,ubytování zaměstnanců firmy,True
36277037,"Střední škola řemeslná a Základní škola, Soběslav",72549572,Nábytek VASA spol. s r.o.,48204749,61232.5,2026-01-06,2026,"Objednávka, dodávka a montáž nábytku do dvou kanceláří školy ulice Wilsonova 405.",True
36273309,"Základní škola JIH, Mariánské Lázně, Komenského 459, příspěvková organizace",47723505,"Základní škola JIH, Mariánské Lázně, Komenského 459, příspěvková organizace",47723505,93587.01,2025-12-19,2025,Objednávka - nábytek do kabinetu Inf,True
36252065,Univerzita Palackého v Olomouci,61989592,"MERCI, s.r.o.",46966447,101680.0,2025-12-18,2025,"Objednávka: 4531084767 Skříňky pod digestoř, včetně montáže a dopravy",False
36234493,"2. mateřská škola, Most, příspěvková organizace",72742364,KLIMI TOYS s.r.o.,07193602,73090.91,2025-12-15,2025,"Objednávka č. 17  2025, nábytek - stoly a různé skříňky pro děti na odloučené pracoviště 2. mateřské školy, Most, příspě",True
36211349,"5. základní škola Cheb, Matěje Kopeckého 1, příspěvková organizace",70987459,"JP-KONTAKT, s.r.o.",25922378,66040.0,2025-12-18,2025,Kancelářský nábytek,True
36190933,Střední průmyslová škola stavební akademika Stanislava Bechyně Havlíčkův Brod,60126698,Nábytek Jelen s.r.o.,08785198,314739.0,2025-12-19,2025,Výroba a dodávka nábytku do kabinetu a skladu,True
36186505,Střední odborná škola požární ochrany a Vyšší odborná škola požární ochrany,64122654,AUDIOPRO s.r.o.,26702371,2948596.0,2025-12-22,2025,Audiovizuální technika_sál Brno_AUDIOPRO,True
36179121,"Základní škola a Mateřská škola Mladá Boleslav, 17. listopadu 1325, příspěvková organizace",75034077,AZ-PROŠKOLY s.r.o.,14341280,212100.0,2025-12-18,2025,Objednávka - nábytek do učebny,True
36164285,"Základní škola a Mateřská škola Vyškov, Letní pole, příspěvková organizace",46270981,MULTIP Moravia s.r.o.,16627971,80606.61,2025-12-16,2025,Dodávka nábytku do učebny přírodopisu,True
36160997,"Základní škola, Bruntál, Rýmařovská 15, příspěvková organizace",60802669,INFOHOME s.r.o.,24282499,1540731.83,2025-07-03,2025,"Smlouva o dílo na stavební práce v rámci ""Modernizace dílen pro ergoterapii""",True
36160853,"Základní škola Pardubice, Staňkova 128",48161306,Tomáš Pospíšil,66815681,90400.0,2025-11-25,2025,Objednávka výroby atypického nábytku do šatny asistentek,True
36160181,"Základní škola a mateřská škola Pustějov, příspěvková organizace",70997888,"PROFIŠKOLY - nábytek, s.r.o.",14167638,92828.78,2025-12-05,2025,Nákup nábytku do školní jídelny,True
36158113,Univerzita Tomáše Bati ve Zlíně,70883521,IS Produkce s.r.o.,28315707,58000.0,2025-12-15,2025,Koprodukční smlouva - výroba studentského audiovizuálního díla Závrať,False
36154441,"Základní škola a Mateřská škola Litvínov, Ruská 2059, okres Most",47326531,Alex kovový a školící nábytek s.r.o.,None,135036.0,2025-12-09,2025,"objednávka židlí , stůl",True
36151825,"Základní škola Přelouč, Smetanova 1509, okres Pardubice",00191051,INMAX Partners spol. s r.o.,24296465,126833.5,2025-12-19,2025,kancelářský nábytek,True
36148745,"Základní škola a Mateřská škola Frenštát pod Radhoštěm, Záhuní 408, okres Nový Jičín",60336251,Petr Tuma,12696978,135062.0,2025-12-17,2025,výroba nábytku,True
36148277,"Základní škola a Mateřská škola Frenštát pod Radhoštěm, Záhuní 408, okres Nový Jičín",60336251,MULTIP Moravia s.r.o.,16627971,329921.0,2025-12-17,2025,nákup nábytku,True
36141661,"Střední odborné učiliště Slaný, příspěvková organizace",00069485,Jaroslav Hartman,44714904,139883.0,2025-12-15,2025,Nábytek a vybavení do jídelního prostoru ,True
36128293,"Základní umělecká škola B. M. Černohorského, Nymburk, Palackého třída 574",67673015,Ing. Otakar Otta,16569253,540000.0,2025-12-15,2025,Smlouva o nájmu prostoru sloužícího podnikání,True
36115701,Městská část Praha-Lipence,00241431,LOKKI International s.r.o.,26349531,497603.29,2025-12-17,2025,"Objednávka dodání nábytku do třídy Mecháčků v MŠ Praha 5, K samoobsluze 211",False
36111185,"Střední zdravotnická škola a Vyšší odborná škola zdravotnická, Kladno, Havířská 1141",00066729,PROFIMEDIA s.r.o.,41032098,1289356.0,2025-12-15,2025,Kupní smlouva - vybavení učebny IT,True
36110721,Město Vlašim,00232947,"Střední odborná škola a Střední odborné učiliště, Vlašim, Zámek 1",14798425,2207050.0,2025-12-16,2025,"Nájemní - pronájem budov a pozemků v k.ú. Vlašim - SOš a SOu Vlašim, Zámek 1",False
36102593,"Střední odborná škola Litovel, Komenského 677",00848875,Interiéry.Kuchyně.a nábytek s.r.o.,27854728,65545.45,2025-12-16,2025,Objednáváme u Vás nábytek do kanceláří a fotoateliéru.,True
36098513,"Mateřská škola Olomouc, Herrmannova 1, příspěvková organizace",75029561,INTERDEKOR HP s.r.o.,25367498,55134.0,2025-12-01,2025,Nábytek pro MŠ Baarova s platností do 31.12.2025,True
36096361,Městská část Praha-Lipence,00241431,KANONA a.s.,04163664,761190.0,2025-12-16,2025,"Kupní smlouva - Nábytek do personálních prostor v přístavbě MŠ K Samoobsluze, Praha-Lipence",False
36095305,Střední odborná škola a Střední odborné učiliště Jindřichův Hradec,60816899,B2B Partner s.r.o.,27830306,53568.0,2025-12-17,2025,"Objednávka nábytku do ředitelny, SOŠ, Jáchymova 478, Jindřichův Hradec",True
36093797,"Střední pedagogická škola Boskovice, příspěvková organizace",62073117,"STAVKOM, spol. s r. o.",41604041,77748988.05,2025-12-15,2025,Smlouva o dílo,True
36091993,"Střední škola informatiky, poštovnictví a finančnictví Brno, příspěvková organizace",00380385,"Díky, že můžem, z. s.",05146895,58929.0,2025-09-24,2025,"Smlouva za účelem zajištění akce pro objednatele, a to formou poskytnutí ubytování pro objednatele, a to ve dnech 10. - ",True
36082965,"Základní škola Rudolfa Koblice, Pionýrů 1102, Kadaň",46789987,ŠVEJK - Bublava s.r.o.,01381130,185640.0,2025-11-20,2025,smlouva o ubytování,True
36079381,Univerzita Karlova,00216208,ZENOVA services s.r.o.,25051865,65000.0,2025-10-30,2025,Generální úklid Větrník,False
36075961,"Základní škola Stará Boleslav, Brandýs nad Labem - Stará Boleslav, Jungmannova 164, okres Praha - východ",75033330,NÁBYTEK HONZA s.r.o.,27198821,124560.0,2025-12-10,2025,Objednávka - dvoumístný set NAT,True
36075469,"Střední průmyslová škola Ostrov, příspěvková organizace",70845425,ATUT-TUTY s.r.o.,02737787,257372.86,2025-12-16,2025,Smlouva o dílo - Čištění a ošetřování podlah v roce 2026,True
36071385,"Nemocnice Český Krumlov, a.s.",26095149,TREKVILA s.r.o.,03329275,5672936.12,2025-11-27,2025,"Smlouva o dílo - Provádění úklidových služeb pro NČK, a.s.",False
36071029,"Základní škola Mohelnice, Mlýnská 1",00852970,STRAKOŠ  nábytek s.r.o.,07376901,61678.0,2025-12-16,2025,Kupní smlouva-židle,True
36069913,Moravskoslezský kraj,70890692,VAMOZ CONSTRUCTION a.s.,25848461,51679277.87,2025-12-16,2025,"Smlouva o dílo - na stavbu Novostavba dílen pro Střední školu technickou Opava, VZ č. 160/2024",False
36067269,"Základní škola a Mateřská škola, Praha 6, náměstí Svobody 2",67798543,"Hast, spol. s r. o.",49549979,206560.0,2025-12-15,2025,Zajištění pobytu v přírodě,True
36063341,"Střední škola informatiky, poštovnictví a finančnictví Brno, příspěvková organizace",00380385,Stredná odborná škola polytechnická  Jana Antonína Baťu,SK-37947541,91420.0,2025-12-15,2025,"Smlouva o zajištění akce č.  150/2025 formou poskytnutí ubytování  a stravování pro objednatele, a to ve dnech 19. – 30.",True
36061429,"Mateřská škola Chotěboř, Březová 272, okres Havlíčkův Brod",70156701,Vít Ressl - Kristina,45908788,101400.0,2025-12-11,2025,Objednávka – oprava podlahy ve třídě Berušek - MŠ Březová,True
36058809,"Základní škola kpt. Jaroše, Trutnov, Gorkého 38",64201112,SANTAL spol. s r. o.,42408121,6433473.0,2025-10-10,2025,dodatek ke kupní smlouvě č.1 (včetně příloh),True
36051789,Základní škola Na Lukách Polička,70154520,Moderní škola s.r.o.,28607376,102580.0,2025-12-09,2025,Kupní smlouva na pořízení školního nábytku ,True
36041717,"Základní škola Bruntál, Okružní 38, příspěvková organizace",75026961,NEJČI nábytek s.r.o.,25905465,63000.0,2025-12-12,2025,Objednávka nábytek,True
36040341,"Střední škola obchodní, České Budějovice, Husova 9",00510874,WOOP Services s.r.o.,04656598,264905.3,2025-12-12,2025,"Objednávka nábytku, židlí a polohovacího křesla",True
36039189,"Základní škola, Praha 5, Pod Radnicí 5",70845964,NÁBYTEK HONZA s.r.o.,27198821,164811.0,2025-10-06,2025,Nábytek vybavení ZŠ Nepomucká 3 a Nepomucká 5,True
36038921,"Základní škola, Praha 5, Pod Radnicí 5",70845964,NÁBYTEK HONZA s.r.o.,27198821,228727.0,2025-06-19,2025,"Nábytek Honza do ZŠ Nepomucká 3, Praha 5",True
36032013,"Střední zemědělská škola, Brandýs nad Labem - Stará Boleslav, Zápská 302",61388947,MITEL a.s.,25675036,2883477.0,2025-11-26,2025,Inovace počítačové učebny,True
36793105,"Střední škola řemeslná a Základní škola, Soběslav",72549572,MULTIP Moravia s.r.o.,16627971,271051.24,2026-02-12,2026,"Objednávka školního nábytku objekt Bechyňská 26, Soběslav.",True
36790441,Statutární město Ostrava,00845451,"Základní škola, Ostrava-Hrabůvka, U Haldy 66, příspěvková organizace",61989266,120000.0,2026-02-13,2026,Veřejnoprávní smlouva ev.č. 0579/2026/KaŠ,False
36765153,Město Rýmařov,00296317,"Mateřská škola Rýmařov, Jelínkova 3, příspěvková organizace",62352733,1909399.15,2026-01-28,2026,Bezúplatný převod - Smlouva o bezúplatném převodu majetku,False
36764901,Město Rýmařov,00296317,"Základní škola Rýmařov, Jelínkova 1, okres Bruntál",00852635,116704435.17,2026-01-28,2026,DODATEK č. 3 ke smlouvě o výpůjčce ze dne 14.09.2006,False
36764897,Město Rýmařov,00296317,"Základní škola Rýmařov, Jelínkova 1, okres Bruntál",00852635,9127685.58,2026-01-28,2026,Bezúplatný převod - Smlouva o bezúplatném převodu majetku,False
36735465,Městská část Praha 5,00063631,AKADEMIE MÚZICKÝCH UMĚNÍ V PRAZE,61384984,67881.0,2026-01-08,2026,pronájem sálu Martinů v HAMU na koncert 19. ročníku Talent Praha 5,False
36677589,Střední škola technická Svitavy,15034569,"Gymnázium, obchodní akademie a jazyková škola s právem státní jazykové zkoušky S",62033026,104765.6,2026-01-26,2026,Smlouva o bezúplatném převodu majetku,True
36644957,"Pražské jaro, o.p.s.",25773194,Akademie múzických umění v Praze,61384984,756740.0,2026-02-03,2026,Nájemní smlouva - pronájem prostor pro Mezinárodní hudební soutěž PJ,False
36618081,"Statutární město Ostrava, městský obvod Ostrava-Jih",00845451,"Rainbow Run, z.s.",22876189,2919478.0,2026-02-02,2026,"Smlouva o dílo č. 94/26/OŠK School games 2026,ag.č. S/0158/2026/OŠK",False
36616613,Základní škola Havířov-Podlesí K. Světlé 1/1372 okres Karviná,48805424,SKOLATO s.r.o.,05459818,97400.65,2025-11-11,2025,"Dodání stolů, židlí a katedry do jazykové učebny",True
36601505,Společenství obcí Tišnovsko,75058944,Obec Vohančice,00366013,31060503.12,2025-07-21,2025,Smlouva o vkladu majetku,False
36541645,"Střední škola gastronomie a služeb, Nová Paka, Masarykovo nám. 2",15055256,AUTO VONDRÁK s.r.o.,26002124,497958.68,2025-11-07,2025,Nákup osobního vozidla ,True
36539213,"Gymnázium a základní umělecká škola Šlapanice, příspěvková organizace",49461249,MULTIP Moravia s.r.o.,16627971,198907.44,2026-01-23,2026,GSLAP_Nákup nábytku,True
36498753,"Základní škola Kuřim, Tyršova 1255, okres Brno - venkov, příspěvková organizace",49457888,"KOVO, výrobní družstvo",00030325,83815.0,2025-12-15,2025,Pořízení školních lavic,True
36497485,"Základní škola a mateřská škola Ostrava-Hrabůvka, Mitušova 16, příspěvková organizace",70631735,EDUKA CENTRUM s.r.o.,28607210,1913797.71,2026-01-22,2026,Modernizace odborných učeben - dodávka ICT vybavení,True
36485649,"Základní škola, Městec Králové, Nám. Republiky 303",70837414,Alekama s.r.o.,09157310,93645.45,2026-01-16,2026,Smlouva kupní - dodávka nábytku do učebny.,True
36463125,Hlavní město Praha,00064581,Decorum spol. s r.o.,26421259,9209156.0,2026-01-16,2026,"smlouva o dílo § 2586 a násl. NOZ: Realizace stavby č. ORG 0047100 &quot;SOŠ Jarov, P9 - revitalizace objektu - praktick",False
36439153,Základní škola B. Němcové Dačice,75000041,FITHAM s.r.o.,27338053,197000.0,2026-01-15,2026,Vybavení a podlaha posilovny,True
36380509,"Základní škola Pod Skalkou, Rožnov p. R., příspěvková organizace",45211761,MULTIP Moravia s.r.o.,16627971,288236.91,2025-12-30,2025,Obejdnávka - nábytek,True
36373621,"Základní škola a Mateřská škola, Praha 4, Sdružení 1080",61384518,MULTIP Moravia s.r.o.,16627971,455000.0,2025-12-31,2025,Vybavení školy - lavice a židle,True
36359653,"Základní škola Benešov, Dukelská 1818",75033071,AJAX CZ s.r.o.,28977653,66792.0,2026-01-13,2026,Pracovní desky - Fyzika,True
36350829,"Základní škola T.G.Masaryka Otrokovice, příspěvková organizace",75020238,SKOLATO s.r.o.,05459818,259477.69,2025-12-29,2025,Objednávka_Nábytek,True
36339837,"Základní škola, Ostrava-Poruba, J. Valčíka 4411, příspěvková organizace",64627918,Baar Group s.r.o.,06745342,65388.43,2025-12-22,2025,Objednávka - židle a lavice TERI,True
36331617,Základní škola Novoborská,61381276,Tomáš Savka,60222433,86580.0,2025-12-18,2025,"Lavice, židle 5-7",True
36319929,"Základní škola Václava Havla, Poděbrady, Na Valech 45, okres Nymburk",61631485,Křovina s.r.o.,26424819,215456.84,2025-12-31,2025,"Objednávka nábytku do tříd (lavice, židle)",True
36308085,"Základní škola Antonína Baráka Lovosice, Sady pionýrů 361/4, okres Litoměřice",46771816,POPROKAN s.r.o.,64051218,143189.37,2025-12-29,2025,Objednávka žákovských lavic a židlí,True
36281397,"Základní škola Emila Zátopka Zlín, Univerzitní 2701, příspěvková organizace",71007997,Petr Tuma,12696978,213000.0,2026-01-06,2026,Objednávka lavic a židlí,True
36276917,Základní škola Novoborská,61381276,Tomáš Savka,60222433,88979.34,2025-12-10,2025,"Lavice, židle vel. 3-5",True
36222849,Základní škola a Mateřská škola Tupolevova,60445939,MY DVA holding a.s.,25676059,198677.16,2025-12-30,2025,Objednávka jídelních setů 10 ks,True
36222689,"Střední průmyslová škola, Česká Lípa, Havlíčkova 426, příspěvková organizace",48283142,SANTAL spol. s r. o.,42408121,330978.0,2025-12-30,2025,Dodávka nábytku,True
36218549,Město Broumov,00272523,"Kooperativa pojišťovna, a.s., Vienna Insurance Group",47116617,115438.0,2025-12-19,2025,Pojistná smlouva č. 7721191152 - pojištění majetku města a odpovědnosti - dodatek č. 2,False
36218209,"Základní škola, Praha 2, Sázavská 5",48132926,ALUXXON - TABULE s.r.o.,27151727,145500.0,2025-12-22,2025,Dodání zboží-školní lavice a židle,True
36212405,Generali Česká pojišťovna a.s.,45272956,"Dětský domov se školou, základní škola a školní jídelna, Bystřice pod Hostýnem, ",63458896,186295.0,2025-11-26,2025,Pojištění majetku a odpovědnosti ,False
36210557,"Gymnázium, České Budějovice, Jírovcova 8",60076101,Moderní škola s.r.o.,28607376,177105.28,2025-12-29,2025,Objednávka nábytku do třídy,True
36205141,"Základní škola a střední škola Karlovy Vary, příspěvková organizace",66362725,Baar Group s.r.o.,06745342,54904.96,2025-12-19,2025,nákup školního nábytku,True
36196941,"Střední škola technická a zemědělská, Nový Jičín, příspěvková organizace",00848077,StrongGear s.r.o.,04099001,68812.0,2025-12-22,2025,Objednávka vybavení TV-posilovny,True
36188869,Město Semily,00276111,TENTino s.r.o.,25950525,86576.04,2025-12-22,2025,"kupní smlouva_3x nůžkové altány, 10 ks pivních setů",False
36178669,"Gymnázium Hladnov a Jazyková škola s právem státní jazykové zkoušky, Ostrava, příspěvková organizace",00842753,"www.scio.cz, s.r.o.",27156125,58800.0,2025-11-19,2025,Nájem nebytových prostor - učebny - zkoušky SCIO 12/25-06/26,True
36158441,"Lesy města Brna, a.s.",60713356,"Základní škola a Mateřská škola, Deblín, okres Brno-venkov, příspěvková organiza",75003082,92000.0,2025-12-09,2025,Objednávka lavice,False
36155209,Moravskoslezský kraj,70890692,"Statutární město Ostrava, městský obvod Petřkovice",00845451,5055254.44,2025-12-19,2025,"Darovací smlouva - dar movitých věcí - ZUŠ Ostrava-Petřkovice, Hlučínská 7, příspěvková organizace",False
36154373,"Mateřská škola, Kroměříž, Gorkého 2566, příspěvková organizace",70995532,Jiří Pišťáček,75918242,129034.4,2025-11-28,2025,Šatny pro děti,True
36134025,"Základní škola a Mateřská škola Olomouc, Dvorského 33, příspěvková organizace",70631042,PETONA CZECH s. r. o.,04402618,153500.0,2025-12-17,2025,Dodávka žákovských lavic a židlí,True
36132721,"Střední škola živnostenská Sokolov, příspěvková organizace",75059151,Vyšší policejní škola a Střední policejní škola Ministerstva vnitra v Praze,48135453,1495365.0,2024-12-18,2024,Dodatek č. 3 - vyřazení majetku,True
36123809,"Střední škola, Základní škola a Mateřská škola, Frýdek-Místek, příspěvková organizace",69610134,EduVision s.r.o.,17803039,412800.0,2025-07-01,2025,Smlouva na dodání souvisejících komponentů venkovní učebny,True
36120765,"Základní škola Praha 7, Korunovační 8",61389820,Křovina s.r.o.,26424819,81176.0,2025-12-18,2025,Nákup jednomístných lavic a žákovský židlí - 20ks,True
36108197,KruV - RS (Kraj Vysočina),70890749,Město Moravské Budějovice,00289931,1770956.0,2025-12-08,2025,Smlouva o poskytnutí dotace ZZ02792.0003 - Zásady Zastupitelstva Kraje Vysočina pro poskytování dotací na rozvoj veřejné,False
36105269,Základní škola Brána jazyků s rozšířenou výukou matematiky,60436123,MULTIP Moravia s.r.o.,16627971,157649.24,2025-12-17,2025,Žákovské lavice a židle,True
36098029,"Základní škola a mateřská škola Petra Strozziho, Praha 8, Za Invalidovnou 3",60461853,Josef Bláha,48956881,285690.0,2025-12-05,2025,Objednávka,True
36097837,"Krajské centrum vzdělávání a Jazyková škola s právem státní jazykové zkoušky, Plzeň, sady 5. května 42",49774191,Vladimír Lederer,46775161,1844565.0,2025-12-11,2025,Poskytování úklidových prací,True
36091001,"Gymnázium F. X. Šaldy, Liberec 11, Partyzánská 530, příspěvková organizace",46748016,"www.scio.cz, s.r.o.",27156125,55000.0,2025-12-15,2025,Smlouva o nájmu nebytových prostor,True
36083577,"Obchodní akademie a Jazyková škola s právem státní jazykové zkoušky Mladá Boleslav, příspěvková organizace",48683884,SUPERSEKTOR s.r.o.,28290950,62438.02,2025-12-16,2025,Objednávka lavic,True
36083189,Základní škola a Mateřská škola Na Balabence,61387525,Savka Office,60222433,167880.0,2025-11-25,2025,Lavice a židle,True
36081709,"Střední zdravotnická škola a Vyšší odborná škola zdravotnická, Nymburk, Soudní 20",00640824,"JP-KONTAKT, s.r.o.",25922378,62563.0,2025-12-16,2025,Plastové lavice - 11 ks,True
36076145,"Mateřská škola a Speciálně pedagogické centrum Jihlava, příspěvková organizace",63438933,PATROL group s.r.o.,46981233,70112.0,2025-12-16,2025,Rozšíření detekce požáru - přístavba MŠ Demlova 28,True
36075757,"Střední průmyslová škola stavební, Mělník, Českobratrská 386",49518933,Dvěděti.cz s.r.o.,09198580,123966.94,2025-11-19,2025,Objednávka školních lavic,True
36075685,"Základní škola Stříbro, Mánesova 485, příspěvková organizace",70937605,Baar Group s.r.o.,06745342,129136.36,2025-12-15,2025,Nábatek,True
36068325,"Obchodní akademie, Vyšší odborná škola zdravotnická a Střední zdravotnická škola, Střední odborná škola služeb a Jazyková škola s právem státní jazykové zkoušky Jihlava",00836591,B2B Partner s.r.o.,27830306,99879.28,2025-12-15,2025,Nákup lavic a taburetů,True
36067057,Statutární město Brno,44992785,AKVAHELP METAL spol. s r.o.,25870084,14202771.52,2025-12-15,2025,smlouva o dílo &amp;quot; Rekonstrukce bazénu v objektu ZŠ nám. Svornosti 2025,False
36065789,"Masarykova základní škola Tanvald,příspěvková organizace",43256791,ESO R-MARKET spol. s r.o.,49966626,77052.1,2025-12-15,2025,Objednávka lavic a židlí,True
36050377,"Vyšší odborná škola, Obchodní akademie, Střední zdravotnická škola a Jazyková škola s právem státní jazykové zkoušky, Klatovy, Plánická 196",61781771,MY DVA holding a.s.,25676059,67596.5,2025-08-19,2025,vybavení třídy,True
36050281,"Střední škola elektrotechnická a energetická Sokolnice, příspěvková organizace",00380407,AC Interiér s.r.o.,28065247,201810.16,2025-12-11,2025,Školní vybavení - lavice,True
36042185,Univerzita Palackého v Olomouci,61989592,PSG Construction a.s.,05042020,384470000.0,2025-07-08,2025,Smlouva o dílo - UPOL - Rekonstrukce sportovní haly UP v Olomouci,False
36041465,"Masarykova základní škola, Praha 9 - Újezd nad Lesy, Polesná 1690",47608579,Kenast s.r.o.,27243397,94994.69,2025-12-15,2025,objednávka - dovybavení do školy Polesná 1690,True
36040713,"Střední škola technická a ekonomická Brno, Olomoucká, příspěvková organizace",00226475,MULTIP Moravia s.r.o.,16627971,116537.39,2025-12-12,2025,Dodávka školního nábytku,True
36029893,"Střední škola lodní dopravy a technických řemesel, Děčín VI, příspěvková organizace",14450488,ESO R-MARKET spol. s r.o.,49966626,177756.2,2025-12-11,2025,nákup školního nábytku ,True
36020621,"Střední průmyslová škola elektrotechnická, Praha 2, Ječná 30",61385301,Life ProKlassa s.r.o.,03784762,85442.0,2025-11-21,2025,Objednávka č.338/2025 na žákovské lavice a židle,True
36012773,"Gymnázium a Střední odborná škola dr. Václava Šmejkala, Ústí nad Labem, příspěvková organizace",44555512,Petr Březina,12784966,74800.0,2025-11-27,2025,dodávka venkovních stolů a lavic,True
35996993,"Základní škola Odry, Komenského 6, příspěvková organizace",00848191,MULTIP Moravia s.r.o.,16627971,88834.0,2025-11-26,2025,Dodávka nábytku - školní lavice a skříně na ZŠ Odry Komenského,True
35996065,Střední průmyslová škola Třebíč,66610702,FITNEMA s.r.o.,03554104,11529482.2,2025-12-10,2025,Smlouva o dílo - SPŠ Třebíč - víceúčelové hřiště a sportoviště,True
35985361,"Základní škola Moravské Budějovice, Havlíčkova ul. 933, okres Třebíč",47438487,Zdeněk Dvořák,03201040,244200.0,2025-12-02,2025,Smlouva o dílo - sezení v tělocvičně,True
35984613,Město Vimperk,00250805,OBJEKTOR ARCHITEKTI s.r.o.,08705895,470000.0,2025-12-09,2025,Smlouva o dílo - Architektonické studie veřejných prostranství,False
35978781,"Základní škola, Jablonec nad Nisou, Liberecká 1734/31, příspěvková organizace",60254190,NÁBYTEK HONZA s.r.o.,27198821,94688.0,2025-12-08,2025,Objednávka setů lavic pro žáky,True
35973573,"Základní škola Přerov, Želatovská 8",49558862,MULTIP Moravia s.r.o.,16627971,157097.52,2025-12-04,2025,Objednávka-nábytek do dvou kmenových tříd,True
35967077,"Základní škola Slaný, Politických vězňů 777, okres Kladno",43776761,STEELO Furniture s. r. o.,08062218,96170.0,2025-12-05,2025,Kupní smlouva,True
35961549,"Gymnázium a Střední odborná škola pedagogická, Liberec, Jeronýmova 425/27, příspěvková organizace",46748075,ABCD Služby školám s.r.o.,62244892,95904.0,2025-12-03,2025,Nákup lavic a židlí,True
35952153,Základní škola Brána jazyků s rozšířenou výukou matematiky,60436123,"Expometal, spol. s r.o.",26242257,57785.12,2025-12-08,2025,lavice,True
35936609,"Základní škola a mateřská škola Barrandov, Praha 5 - Hlubočepy, Chaplinovo nám. 1/615, příspěvková organizace",65993527,MY DVA holding a.s.,25676059,649979.33,2025-12-05,2025,objednávka_šatní skříňky pro 1. stupeň,True
35933009,"Základní škola Bučovice 710, příspěvková organizace",46271104,ALUXXON - TABULE s.r.o.,27151727,185400.0,2025-12-01,2025,"Objednávka - školní lavice, židle, katedra ",True
35920441,"Střední škola stravování a služeb Karlovy Vary, příspěvková organizace",00520055,"STASKO plus, spol. s r.o.",14707551,14676598.15,2025-12-05,2025,"Dodatek č. 1 smlouvy o dílo ""SPRAVEDLIVÁ TRANSFORMACE - projekt Odborné učebny GASTRO - 2. vypsání"" Část ""stavební práce",True
35920325,"Střední škola polytechnická, Olomouc, Rooseveltova 79",13643606,Moderní škola s.r.o.,28607376,161036.0,2025-11-27,2025,dodáni školního nábytku v provedení buk s PUR hranou a RAL 9006,True
35915385,Základní škola a Mateřská škola,62694863,ESO R-Market spol. s r.o.,49966626,167220.0,2025-12-05,2025,Objednávka žákovských lavic a židlí,True
35914113,"Střední zdravotnická škola a Vyšší odborná škola zdravotnická, Kladno, Havířská 1141",00066729,"HELAGO-CZ, s.r.o.",25963961,1569500.0,2025-12-01,2025,Kupní smlouva - vybavení do učebny odborných předmětů,True
35912093,"Základní škola Slezská Ostrava, Bohumínská 72, příspěvková organizace",70995362,TANA school s.r.o.,03035298,221100.0,2025-11-18,2025,Dodávka lavic a židlí ,True
35910649,Základní škola Brána jazyků s rozšířenou výukou matematiky,60436123,Truhlářství Jurek s.r.o.,05899443,80620.0,2025-12-04,2025,Vybavení do učeben,True
35904077,Univerzita Pardubice,00216275,ANAMET s.r.o.,25652150,1846000.0,2025-12-04,2025,Dodávka zařízení pro měření velikosti částic a zeta potenciálu,False
35896941,Statutární město Most,00266094,"Základní škola, Most, Václava Talicha 1855, příspěvková organizace",47325615,5531985.42,2025-12-03,2025,"smlouva o bezúplatném převodu, převod – majetek pořízený z dotací v rámci projektu Vybudování odborných učeben (rok 2019",False
35895365,"Dětský domov se školou, základní škola a školní jídelna, Vrchlabí, Al. Jiráska 617",60153261,Erik Pohořalý,07119283,304000.0,2025-11-05,2025,Smlouva o dílo ,True
35881761,Střední odborná škola Josefa Sousedíka Vsetín,13643878,Ing. Michal Stanek,11585617,404987.0,2025-11-28,2025,nákup posilovacích strojů pro žáky,True
35879641,"Základní škola a Mateřská škola při Fakultní nemocnici, Plzeň, alej Svobody 80",49777629,MAKRA DIDAKTA s.r.o.,27916758,50040.0,2025-12-01,2025,nábytek do MŠ Mirošov,True
35866809,"Mateřská škola, základní škola, praktická škola a dětský domov Kyjov, příspěvková organizace",70284849,ESO R-MARKET spol. s r.o.,49966626,96500.0,2025-11-10,2025,Nákup školního nábytku,True
35837401,Město Vrchlabí,00278475,Martin Šimůnek,65196538,1693541.0,2025-03-17,2025,Kupní smlouva - Kupní smlouva na Nábytek Bílá Vločka,False
35833173,Střední průmyslová škola Třebíč,66610702,MANN + HUMMEL (CZ) v.o.s.,47901977,70000.0,2025-11-28,2025,Darovací smlouva - na pořízení vybavení posilovny,True
35829529,statutární město Plzeň,00075370,MERCI s.r.o.,46966447,900998.36,2025-11-24,2025,"koupě, dodávka a montáž nového vybavení do budovy ZŠ GFK, Sokolovská 1165/54, Plzeň",False
35823177,Základní škola Praha - Kbely,61384780,OLMAN SERVICE s.r.o.,26293102,219450.0,2025-11-28,2025,Smlouva o poskytování pravidelných úklidových služeb a s nimi spojených ostatních činností pro Základní školu Praha - Kb,True
35820941,"Základní škola Brno, Otevřená 20a, příspěvková organizace",49466208,LIGNOMETAL s.r.o.,26956756,770576.4,2025-11-14,2025,Dodávka vybavení učeben. ,True
35796253,"Střední zdravotnická škola Brno, Jaselská, příspěvková organizace",00637998,MY DVA holding a.s.,25676059,299946.67,2025-11-20,2025,Objednávka dle projektu - Židle a lavice atyp,True
35790321,Univerzita Tomáše Bati ve Zlíně,70883521,"Navláčil stavební firma, s.r.o.",25301144,10158359.8,2025-11-26,2025,Dodatek č. 1 Smlouvy o dílo ze dne 28.5.2025,False
35783233,"Základní škola Valašské Meziříčí, Žerotínova 376, okres Vsetín, příspěvková organizace",45211353,MULTIP Moravia s.r.o.,16627971,111012.4,2025-11-25,2025,Objednávka školního nábytku,True
35771369,Univerzita Palackého v Olomouci,61989592,"E.PROXIMA, s.r.o.",25395602,41488932.15,2025-11-25,2025,Dodatek č. 4 ke Smlouvě o dílo - FTK/UPOL – Rekonstrukce infrastruktury v areálu Neředín (změna ceny),False
35771357,Univerzita Palackého v Olomouci,61989592,"E.PROXIMA, s.r.o.",25395602,41488932.15,2024-07-25,2024,Smlouva o dílo - FTK/UPOL – Rekonstrukce infrastruktury v areálu Neředín,False
35768613,"Vyšší odborná škola, Střední průmyslová škola a Jazyková škola s právem státní jazykové zkoušky, Kutná Hora, Masarykova 197",61924059,Diametral obchodní společnost s.r.o.,07716435,1625352.09,2025-11-20,2025,Diametral obchodní společnost - Kupní smlouva &quot;Učebna elektro silnoproud&quot;,True
35759937,Vysoká škola chemicko-technologická v Praze,60461373,ANAMET s.r.o.,25652150,2090000.0,2025-11-21,2025,Kupní smlouva - PROLAB_ Zařízení pro charakterizaci nanočástic a molekul metodou dynamického rozptylu světla,True
35751597,"Gymnázium, Praha 9, Českolipská 373",60445475,"www.scio.cz, s.r.o.",27156125,78840.0,2025-11-19,2025,Smlouva o pronájmu nebytových prostor - učebny,True
35750933,Ústecký kraj,70892156,"Labská plavební společnost, s.r.o.",27346471,1758517.74,2025-11-24,2025,Smlouva o veřejných službách v přepravě cestujících ve veřejné vodní dopravě k zajištění dopravní obslužnosti Ústeckého ,False
35745469,Statutární město Hradec Králové,00268810,S T A K O společnost s ručením omezeným,42228468,783954.64,2025-11-24,2025,"Smlouva o dílo-&quot;Obnova ZUŠ Střezina- v areálu  ZŠ a MŠ Jih, HK - SO 01, SO 03, SO 04, SO 08, SO 09, SO 10 a souvise",False
35737089,VYSOKÉ UČENÍ TECHNICKÉ V BRNĚ,00216305,Hotel Passage a.s.,01750062,406339.0,2025-11-18,2025,Konferenční rezervační smlouva - Ples FEKT a FIT 2026,False
35721289,"Gymnázium J. K. Tyla, Hradec Králové, Tylovo nábř. 682",62690060,"www.scio.cz, s.r.o.",27156125,50000.0,2025-11-20,2025,Smlouva o nájmu nebytových prostor - přijímačky nanečisto,True
35712893,"Střední škola strojírenská a elektrotechnická Brno, příspěvková organizace",00380431,MULTIP Moravia s.r.o.,16627971,297804.0,2025-11-12,2025,školní lavice a židle,True
35700681,"1. základní škola, Rakovník, Martinovského 153",47016973,MULTIP Moravia s.r.o.,16627971,62464.5,2025-11-21,2025,nákup lavic BINGO 2M,True
35696953,"Střední průmyslová škola strojírenská a Jazyková škola s právem státní jazykové zkoušky, Kolín IV, Heverova 191",48665860,M.A.S. Automation a.s.,25650513,88991.67,2025-10-23,2025,"Darovací smlouva  - lavice, židle, katedra",True
35692017,"Základní škola Jablunkov, Lesní 190, příspěvková organizace",68334265,"Základní škola Jablunkov, Lesní 190, příspěvková organizace",68334265,82200.86,2025-11-12,2025,Vybavení třídy,True
35691925,"Mateřská škola, základní škola a praktická škola Boskovice, příspěvková organizace",62075985,Pavlacký s.r.o.,63472902,5575742.0,2025-11-20,2025,Smlouva o provedení stavby - Multifunkční hřiště,True
35689945,"Pražská developerská společnost, příspěvková organizace",09211322,"DOPRAVNÍ A INŽENÝRSKÉ PROJEKTY s.r.o., zkráceně: DIPRO, spol. s r.o.",48592722,12950000.0,2025-10-22,2025,SMLOUVA NA VYTVOŘENÍ DOKUMENTACE STAVBY A VÝKON  INŽENÝRSKÉ ČINNOSTI       PROJEKČNÍ PRÁCE NA PROJEKT  „NOVÉ DVORY – VEŘ,False
35684749,"Škola Jaroslava Ježka, Mateřská škola, základní škola, praktická škola a základní umělecká škola pro zrakově postižené, Praha 1, Loretánská 19 a 17",48134546,Nadační fond Českého rozhlasu,26419068,286000.0,2025-11-14,2025,Nadační příspěvek - nákup kompenzačních pomůcek pro žáky Školy Jaroslava Ježka ,True
35680657,"Základní škola Turnov, 28. října 18, příspěvková organizace",00856126,Desmex s.r.o.,14155419,133287.6,2025-11-19,2025,Školní židle a lavice,True
35667133,"Základní škola Jeseník, příspěvková organizace",70599921,minimalistic s.r.o.,03055159,237009.0,2025-11-13,2025,objednávka 399/Nb/2025,True
35654985,Město Kuřim,00281964,Jaromír Mareš,13074237,784900.0,2024-07-17,2024,Kupní smlouva - Odborná učebna zeměpisu ZŠT - mobiliář,False
35651021,"Masarykova střední škola zemědělská a přírodovědná, Opava, příspěvková organizace",47813130,"KOVO, výrobní družstvo",00030325,225360.0,2025-11-14,2025,Objednávka na stavitelné židle DENIS a lavice DENIS,True
35627325,"Dětský domov se školou, středisko výchovné péče a základní škola, Chrudim, Čáslavská 624",60103264,Okresní soud v Benešově,00024490,96780.16,2025-10-30,2025,Darovací smlouva - Bezúplatný převod movitého majetku,True
35609493,"Střední odborná škola, Bruntál, příspěvková organizace",13643479,B2B Partner s.r.o.,27830306,105678.48,2025-11-13,2025,objednávka - nábytek,True
35606069,"Střední zemědělská škola a Střední odborné učiliště Čáslav, příspěvková organizace",49797999,HOKA interier s.r.o.,27062716,270000.0,2025-11-11,2025,"školní lavice, židle, katedra",True
35603297,Statutární město Karlovy Vary,00254657,"Základní škola Karlovy Vary, Krušnohorská 11, příspěvková organizace",69979359,6186054.69,2025-11-11,2025,"Smlouva o bezúplatném převodu ZŠ Karlovy Vary, Krušnohorská 11, PO (vybavení školní družiny, dílen a kabinetů)",False
35594661,Základní škola a mateřská škola Na Beránku v Praze 12,61386685,Lukáš Kubín,23709600,75600.0,2025-10-24,2025,Výroba a dodávka venkovního nábytku na zahradu mateřské školy,True
35585825,"Střední škola zemědělská a potravinářská, Klatovy, Národních mučedníků 141",61781797,animalco a.s.,00536458,599316.33,2025-11-05,2025,"Kupní smlouva - býci, krávy farma",True
35565461,Střední škola - Centrum odborné přípravy technické Kroměříž,00568945,Skolenka s.r.o.,03929591,323775.0,2025-11-11,2025,Kupní smlouva - pořízení školního nábytku 2025,True
35563889,"Střední odborná škola a Střední odborné učiliště, Nymburk, V Kolonii 1804",14451026,SKOLENKA s.r.o.,03929591,289650.0,2025-11-11,2025,Kupní smlouva- školní lavice a židle pro SOŠ a SOU Nymburk,True
35542357,"Základní škola Dr. Edvarda Beneše Mladá Boleslav, Laurinova 905, příspěvková organizace",62451511,B2B Partner s. r. o.,27830306,57253.0,2025-11-06,2025,Potvrzení objednávky,True
35539049,"Základní škola, Liberec, Aloisina výšina 642, příspěvková organizace",65100280,ABCD Služby školám s.r.o.,62244892,65851.0,2025-11-06,2025,Set školního nábytku ,True
35534525,Základní škola Žižkov,70877572,MULTIP Moravia s.r.o.,16627971,102035.36,2025-11-07,2025,Objednávka školních židlí a lavic,True
35511401,"Sociálně-právní institut, s.r.o.",61538353,"Obchodní akademie a jazyková škola s právem státní jazykové zkoušky, Ústí nad La",44556969,499999.0,2025-11-06,2025,"&quot;OAULPAR Odborné učebny 2024, dodávka nábytku&quot; projekt CZ.10.02.01/00/23_006/0000254",False
35488853,"Fakultní základní škola Olomouc, Tererovo nám. 1, příspěvková organizace",70234019,PETONA CZECH s. r. o.,04402618,126983.48,2025-11-04,2025,Objednávka lavic a židlí - PETONA CZECH,True
35483437,"Střední škola informatiky, poštovnictví a finančnictví Brno, příspěvková organizace",00380385,ALUXXON - TABULE s.r.o.,27151727,184462.81,2025-10-21,2025,"Kupní smlouva !. 112/2025 na školní lavice, židle a další nábytek",True
35482113,Mendelova univerzita v Brně,62156489,ACER WOODWAY s.r.o.,25343467,152205.9,2025-09-16,2025,Objednávka č.359910596 - chill out zona C,False
35472909,Základní škola a mateřská škola Smolkova v Praze 12,60437189,Desmex s.r.o.,14155419,90000.0,2025-11-05,2025,Nákup 15x set školního nábytku (1lavice+2židle),True
35470069,7. základní škola a mateřská škola Plzeň,49777505,B2B Partner s.r.o.,27830306,69787.0,2025-11-03,2025,Nákup nábytku.,True
35465601,"Střední škola André Citroëna Boskovice, příspěvková organizace",00056324,B2B Partner s.r.o.,27830306,78662.0,2025-11-05,2025,potvrzení objednávky - 7ks lavice (4-sedák),True
35456297,"Základní škola Ostrava, Gen. Píky 13A, příspěvková organizace",70933928,Moderní škola s.r.o.,28607376,382300.0,2025-10-23,2025,Objednávka lavic a židle do školních tříd,True
35452405,"Základní škola a střední škola Aš, příspěvková organizace",68781580,SKOLATO s.r.o.,05459818,62930.0,2023-05-10,2023,objednávka školních lavic a židlí,True
35447009,VYSOKÉ UČENÍ TECHNICKÉ V BRNĚ,00216305,UCHYTIL s.r.o.,60734078,2281000.0,2025-11-03,2025,Smlouva o dílo - Modernizace venkovního předprostoru objektu A5 v rámci vnitřní části areálu VUT FSI,False
35440193,"Základní škola Nový Jičín, Tyršova 1, příspěvková organizace",62330136,Dvěděti.cz s.r.o.,09198580,93192.65,2025-10-31,2025,Kupní smlouva na dodávku školního nábytku,True
35420049,Základní škola Písnická v Praze 12,61388254,AC Interiér s.r.o.,28065247,58646.69,2025-09-30,2025,Objednávka školních lavic a židlí,True
35414669,Statutární město Prostějov,00288659,Český Domov Media House s.r.o.,25792920,1248576.0,2025-10-29,2025,"smlouva o dílo - vydávání, výroba a distribuce Prostějovských radničních listů - 2026",False
35414601,"ČEPS, a.s.",25702556,"Základní škola a mateřská škola Hlučín - Bobrovníky,",75027143,100000.0,2025-10-14,2025,"Příspěvek na vybavení učebny (interaktivní tabule, lavice, židle).",False
35401493,"Základní škola, Česká Lípa, Partyzánská 1053, příspěvková organizace",48283029,RESSED s.r.o.,04115031,58326.0,2025-10-24,2025,Objednávka lavic,True
37493837,"Základní škola Strakonice, Dukelská 166",47255838,"Základní škola Strakonice, Dukelská 166",47255838,97382.0,2026-03-31,2026,"Žákovský nábytek, katedra, desky",True
36576749,"Statutární město Ostrava, městský obvod Hošťálkovice",00845451,Baar Group s.r.o.,06745342,1331690.0,2025-08-28,2025,Registr smluv_Dodatek č.1_Kupní smlouva _IROP02_2024_069_2025_Baar_ZŠ,False
36413357,Statutární město Havířov,00297488,ARTENDR s.r.o.,24190853,290000.0,2026-01-13,2026,"Smlouva o dílo na zhotovení projektové dokumentace, výkon inženýrské činnosti a autorský dozor - zpracování PD na sanaci",False
36026941,Základní škola,49333852,Rapid Design s.r.o.,01974769,131500.0,2025-12-01,2025,Žákovský nábytek,True
35809617,"Obchodní akademie Dr. Edvarda Beneše, Slaný, Smetanovo nám. 1200",61894354,"KECIP, s.r.o.",25426842,633800.0,2025-11-28,2025,Inovativní vybavení učeben a otevřená studovna na OA Slaný nábytek,True
35577545,"Střední odborné učiliště opravárenské, Králíky, Předměstí 427",00087939,RICOH Czech Republic s.r.o.,48117820,2704618.62,2025-11-10,2025,Kupní smlouva -nábytek a zařízení IT,True
35559517,Statutární město Olomouc,00299308,"NOVATRONIC, s.r.o.",62302701,1470000.0,2025-11-06,2025,"Sv. Kopeček - objekt Křičkova (nábytek)_Kupní smlouva_dodávka volného nábytku do učeben, kabinetu, cvičné kuchyně, šaten",False
35541977,"Základní škola Náchod-Plhov, Příkopy 1186",70154287,"Základní škola Náchod-Plhov, Příkopy 1186",70154287,1547392.77,2024-08-30,2024,Vybavení odborných učeben,True
35528573,"Základní škola Lovosice, Sady pionýrů 355/2, okres Litoměřice",46773461,"KXN CZ, s.r.o.",28784111,538750.0,2025-10-22,2025,1.	Učebna fyziky - chemie,True
35509605,"Základní škola a Mateřská škola, Nová 5, České Budějovice",04677722,"Artspect, a.s.",28123395,650716.0,2025-10-27,2025,"&quot;Základní škola a Mateřská škola, Nová 5, České Budějovice - nábytek do učebny pro výuku přírodopisu&quot;",True
35439109,"Základní škola a Praktická škola, Český Brod, Žitomířská 1359",70829489,Alekama s.r.o.,09157310,95740.0,2025-10-30,2025,Kupní smlouva - dodávka nábytku do PC učebny a hudebny,True
35369465,"Sociálně-právní institut, s.r.o.",61538353,"Evropská obchodní akademie, Děčín I, Komenského náměstí 2, příspěvková organizac",47274611,645235.0,2025-10-27,2025,"Modernizace odborných učeben, EOA Děčín - dodávka nábytku, projekt CZ.10.02.01/00/23_006/0000270",False
35366085,"Základní škola Břeclav, Na Valtické 31A, příspěvková organizace",63434474,Křovina s.r.o.,26424819,63704.66,2025-10-24,2025,Objednávka nábytku,True
35235533,"Základní škola, Praha 10, Břečťanová 2919/6, příspěvková organizace",47611871,"Sdružení POMOC, z.s.",65051238,256628.0,2025-10-16,2025,Školní nábytek pro dvě 1. třídy,True
35141005,"Základní škola T.G. Masaryka Bohumín - Pudlov Trnková 280 okres Karviná, příspěvková organizace",75029146,Hilbert Interiéry s.r.o.,28661133,2008610.89,2025-09-30,2025,Vybavení do ZŠ - školní nábytek,True
35132337,"Sociálně-právní institut, s.r.o.",61538353,"Gymnázium Děčín, příspěvková organizace",47274620,471210.0,2025-10-08,2025,"Dodávka nábytku pro odborné učebny Gymnázia Děčín, OPST 6 (projekt CZ.10.02.01/00/23_006/0000177)",False
34929313,"Základní škola a Mateřská škola Benešov nad Ploučnicí, příspěvková organizace",70947112,"Artspect, a.s.",28123395,2714534.03,2025-09-12,2025,Kupní smlouva - plnění veřejné zakázka &quot;Odborné učebny ZŠ Benešov nad Ploučnicí&quot;,True
34928769,Město Louny,00265209,IN SPACE s.r.o.,05529581,2338205.21,2025-08-27,2025,Kupní smlouva &amp;quot;Odborné učebny – ZŠ P. Holého – nábytek pro učebny a komunitní místnost&amp;quot;,False
34885625,Karlovarský kraj,70891168,"FETTERS management, s.r.o.",01405471,13295964.0,2025-09-19,2025,Příkazní smlouva - „Rekonstrukce a modernizace Střední uměleckoprůmyslové školy keramické a sklářské Karlovy Vary – sprá,False
34785685,"Základní škola a Mateřská škola Benešov nad Ploučnicí, příspěvková organizace",70947112,"Artspect, a.s.",28123395,2577735.06,2025-09-12,2025,Realizace rekonstrukce odborných učeben v ZŠ Benešov nad Ploučnicí,True
34737429,"Statutární město Ostrava, městský obvod Mariánské Hory a Hulváky",00845451,"Artspect, a.s.",28123395,1294679.0,2025-08-26,2025,Kupní smlouva - Odborné učebny ZŠ Gen. Janka – část I. nábytek - Artspect a.s,False
34616901,"Dům dětí a mládeže Šternberk, příspěvková organizace",61989941,Baar Group s.r.o.,06745342,360132.3,2025-08-20,2025,Smlouva-Nábytek-Rekonstrukce a modernizace učebny robotiky DDM Šternberk,False
34594069,"Základní škola Volary, příspěvková organizace",00583391,"Základní škola Volary, příspěvková organizace",00583391,2832880.0,2025-08-14,2025,Investice do odborných učeben v ZŠ Volary – Dodávky,True
34571637,Město Krnov,00296139,Hilbert Interiéry s.r.o.,28661133,853243.0,2025-08-21,2025,Smlouva o dílo - opravy - Virtuální realita ve výuce na ZŠ ve městě Krnov (nábytek) ZŠ Dvořákův okruh,False
34571633,Město Krnov,00296139,Hilbert Interiéry s.r.o.,28661133,907982.0,2025-08-21,2025,Smlouva o dílo - opravy - Virtuální realita ve výuce na ZŠ ve městě Krnov (nábytek) ZŠ Janáčkovo náměstí,False
34571629,Město Krnov,00296139,Hilbert Interiéry s.r.o.,28661133,921654.0,2025-08-21,2025,Smlouva o dílo - opravy - Virtuální realita ve výuce na ZŠ ve městě Krnov (nábytek) ZŠ Smetanův okruh,False
34571625,Město Krnov,00296139,Hilbert Interiéry s.r.o.,28661133,1005378.0,2025-08-21,2025,Smlouva o dílo - opravy - Virtuální realita ve výuce na ZŠ ve městě Krnov (nábytek) ZŠ Žižkova,False
34531669,"Obchodní akademie, vyšší odborná škola cestovního ruchu a jazyková škola s právem státní jazykové zkoušky Karlovy Vary, příspěvková organizace",63553597,"Z + M Partner, spol. s r. o.",26843935,8616765.0,2025-04-29,2025,"VZ ""Modernizace odborných učeben na OA KV - vybavení nábytek",True
34481349,"Mendelova střední škola, Nový Jičín, příspěvková organizace",00845027,TINT s. r. o.,63323966,2322372.36,2025-08-18,2025,Kupní smlouva na vybavení počítačové učebny,True
34429089,Město Roudnice nad Labem,00264334,ŠKOLTECH INTERIÉRY s.r.o.,06803806,1706643.0,2025-04-02,2025,"Dodatek č.2 ke smlouvě o dílo „Nákup nábytku do odborných učeben na Základní škole Roudnice nad Labem, Jungmannova 660“",False
34406489,Město Roudnice nad Labem,00264334,ŠKOLTECH INTERIÉRY s.r.o.,06803806,1712542.98,2025-01-13,2025,"Smlouva o dílo - „Nákup nábytku do odborných učeben na Základní škole Roudnice na Labem, Jungmannova 660“",False
34385369,"Základní škola Mohelnice, Mlýnská 1",00852970,Creative way s.r.o.,17845785,364497.0,2025-08-08,2025,Kupní smlouva-nábytek,True
34301017,Město Žďár nad Sázavou,00295841,TSM Design s.r.o.,06544754,1415625.0,2025-07-31,2025,"Smlouva o dílo - Smlouva o dílo na dodávku nábytku a vybavení do učebny chemie, ZŠ Komenského 2",False
34279057,"Gymnázium, Kladno, nám. Edvarda Beneše 1573",61894435,"Af Office, s.r.o.",26768771,1557715.0,2025-07-30,2025,Kupní smlouva - IT učebna,True
34251165,"Základní škola pro žáky se speciálními vzdělávacími potřebami, Trutnov",70886598,"Základní škola pro žáky se speciálními vzdělávacími potřebami, Trutnov",70886598,2242454.0,2025-07-23,2025,"„Dodávka vybavení učeben – Základní škola pro žáky se speciálními vzdělávacími potřebami, Trutnov“",True
34240221,město Otrokovice,00284301,KANONA a.s.,04163664,1621270.0,2025-07-28,2025,Kupní - Rozvoj a modernizace infrastruktury základních škol Otrokovice ZŠ Mánesova II. etapa a ZŠ T. G. Masaryka – dodáv,False
34235285,"Základní škola  Olomouc, tř. Spojenců 8, příspěvková organizace",60338571,"DRUTĚVA, výrobní družstvo",00027618,119467.63,2025-07-28,2025,Objednávka žákovského a kancelářského nábytku,True
34226885,město Otrokovice,00284301,"KDZ, spol. s r. o.",15526691,1117544.0,2025-07-23,2025,Kupní - Rozvoj a modernizace infrastruktury základních škol Otrokovice ZŠ Mánesova II. etapa a ZŠ T. G. Masaryka – dodáv,False
34226881,město Otrokovice,00284301,"KDZ, spol. s r. o.",15526691,1506420.0,2025-07-23,2025,Kupní - Rozvoj a modernizace infrastruktury základních škol Otrokovice ZŠ Mánesova II. etapa a ZŠ T. G. Masaryka – dodáv,False
34209641,"Gymnázium Cheb, příspěvková organizace",47723386,"MERCI, s.r.o.",46966447,7977714.86,2025-07-22,2025,Kupní smlouva na vybavení učeben,True
34182721,Město Lipnice nad Sázavou,00267813,Prekt service s.r.o.,03023419,1321559.58,2025-07-01,2025,Dodávka pro ZŠ Ln/S - učebna IT,False
34180725,"Základní škola kpt. Jaroše, Trutnov, Gorkého 38",64201112,SANTAL spol. s r. o.,42408121,6246576.0,2025-07-14,2025,"Dodávka nábytkového vybavení učeben – Základní škola kpt. Jaroše, Trutnov, Gorkého 38",True
34002849,Vyšší odborná škola zdravotnická a střední zdravotnická škola Svitavy,00498815,MULTIP Moravia s.r.o.,16627971,115841.88,2025-07-08,2025,Kupní smlouva - žákovský nábytek,True
33999501,"Základní škola a Mateřská škola Litvínov, Ruská 2059, okres Most",47326531,FILMEX CZ s.r.o.,25026496,257100.0,2025-07-01,2025,Kupní smlouva + Smlouva o poskytnutí náhradního plnění - žákovský nábytek ,True
33987477,"Základní škola, Příbram VII, Bratří Čapků 279, příspěvková organizace",71295003,MY DVA holding a.s.,25676059,857914.0,2025-05-07,2025,"&quot;Modernizace školy ZŠ Bratří Čapků Příbram&quot;, dodávka nábytku",True
33987425,"Základní škola, Příbram VII, Bratří Čapků 279, příspěvková organizace",71295003,"AV MEDIA SYSTEMS, a.s.",48108375,4533749.84,2025-05-09,2025,"&quot;Modernizace školy ZŠ Bratří Čapků Příbram&quot;, IT vybavení",True
33987305,"Základní škola, Příbram VII, Bratří Čapků 279, příspěvková organizace",71295003,"AV MEDIA SYSTEMS, a.s.",48108375,1625837.19,2025-05-09,2025,"&quot;Modernizace školy ZŠ Bratří Čapků Příbram&quot;, část 1 - stavební práce",True
33984773,Město Chrudim,00270211,SANTAL spol. s r. o.,42408121,1521734.72,2025-06-30,2025,Kupní smlouva na nábytek do ZŠ Husova,False
33966077,Město Velké Meziříčí,00295671,MY DVA holding a.s.,25676059,2288208.0,2025-06-30,2025,"Kupní - Základní škola Sokolovská – Zlepšení 
kvality a dostupnosti vzdělávání – dodávka vybavení – Část 2 – Nábytek",False
33961157,"Základní škola, Mateřská škola a Základní umělecká škola Votice, příspěvková organizace",71294520,"Promidi, s.r.o.",29037557,250689.0,2025-07-04,2025,Kupní smlouva_pořízení nábytku.,True
33885873,Město Rakovník,00244309,"KECIP, s.r.o.",25426842,1160800.0,2025-06-27,2025,Kupní smlouvy - dodávka zboží - nábytek - vybavení učeben 1. Základní škola Rakovník,False
33874321,Gymnázium Vincence Makovského Nové Město na Moravě,48895512,Potrusil s.r.o.,25310119,1647883.27,2025-06-24,2025,vybavení nábytku - badatelská půda,True
33845601,"Základní škola, Praha 8, Hovorčovická 11",60433299,BREZKA interier s.r.o.,10745106,768810.1,2025-06-17,2025,Kupní smlouva - Nábytek do učeben a kabinetu ZŠ,True
33843705,"Základní škola, Brno, Krásného 24",49467247,MY DVA holding a.s.,25676059,227610.68,2025-06-23,2025,Dohoda o narovnání ,True
33838545,Město Vimperk,00250805,"MY DVA holding, a. s.",25676059,285098.0,2025-06-11,2025,Kupní - Hmotný majetek v podobě nábytku do učebny robotiky v ZŠ TGM Vimperk,False
33833725,Město Habry,00267422,InterŠKOL a.s.,24814466,1902010.0,2025-06-25,2025,Kupní smlouva na dodávky vybavení - Dodávky vybavení pro ZŠ Habry,False
33817373,Statutární město Jablonec nad Nisou,00262340,"NOVATRONIC, s.r.o.",62302701,3884277.87,2025-06-23,2025,"Kupní smlouva - „Modernizace ZŠ 5. května v Jablonci nad Nisou – dodávka nábytku“, pro II.etapu",False
33798705,"Gymnázium Bohumila Hrabala v Nymburce, příspěvková organizace",61632210,"LABOR - KOMPLET, s.r.o.",25781057,2823479.43,2025-06-23,2025,"Smlouva o dílo - výroba a montáž nábytku do laboratoře CHEM a FYZ, stavební úpravy",True
33782709,15. základní škola Plzeň,68784619,Křovina s.r.o.,26424819,80021.18,2025-06-18,2025,školní nábytek Křovina,True
33758413,Vyšší odborná škola zdravotnická a Střední zdravotnická škola,00638722,"ALEX kovový a školní nábytek, s. r. o.",26943344,69611.0,2025-05-30,2025,"Objednávka č. 77/2025 na školní židle, žákovské stoly, katedru, dopravu",True
33748533,Statutární město Chomutov,00261891,"Základní škola Chomutov, Zahradní 5265",46789677,3124416.77,2025-06-13,2025,Smlouva o bezúplatném převodu ZŠ Zahradní - výzva 92,False
33748313,Statutární město Chomutov,00261891,"Základní škola Chomutov, Školní 1480",46789731,4404241.77,2025-06-12,2025,Smlouva o bezúplatném převodu ZŠ Školní - výzva 92,False
33746969,Statutární město Chomutov,00261891,"Základní škola Chomutov, Březenecká 4679",46789766,5306700.34,2025-06-19,2025,Smlouva o bezúplatném převodu ZŠ Březenecká - výzva 92,False
33675268,"Statutární město Ostrava, městský obvod Ostrava-Jih",00845451,Hilbert Interiéry s.r.o.,28661133,3454693.46,2025-06-12,2025,VZ 12.25 Virtuální realita ve výuce na ZŠ v OVA-JIH II. Etapa - část 3 Nábytek,False
33655649,Město Slaný,00234877,"Základní škola Slaný, Komenského náměstí 618, okres Kladno",43776744,698992.8,2025-06-09,2025,Smlouva o výpůjčce - Půdní vestavba 2.ZŠ Slaný - Nábytek,False
33655429,"Základní škola a Mateřská škola Tábor, náměstí Mikuláše z Husi 45",00582590,CZ26424819,26424819,126000.0,2025-06-12,2025,objednávka nábytku ,True
33610472,Město Sokolov,00259586,MY DVA holding a.s.,25676059,876196.0,2025-06-09,2025,"Základní škola Sokolov, Rokycanova 258 – učebna přírodovědných předmětů - dodávka nábytku",False
33604668,"Gymnázium Hostivice, příspěvková organizace",72081422,SKOLENKA s.r.o.,03929591,706980.0,2025-06-09,2025,Kupní smlouva - Dodávka nábytku 4. NP,True
33601372,Město Chrudim,00270211,EduVision s.r.o.,17803039,180000.0,2025-06-05,2025,"Kupní smlouva - Venkovní učebna Chrudim, parc. č. 503/1 - dodávka nábytku",False
33547740,Statutární město Prostějov,00288659,"KDZ, spol. s r.o.",15526691,9295436.23,2025-06-02,2025,Kupní smlouva - dodávka nábytku pro základní školy ZŠ Dr. Horáka a ZŠ Kollárova,False
33532352,"Střední škola techniky a služeb, Karviná, příspěvková organizace",13644254,JaTu stavby s.r.o.,06669476,8147120.51,2025-06-04,2025,Smlouva o dílo,True
33520388,MĚSTO TURNOV,00276227,Hilbert Interiéry s.r.o.,28661133,357999.0,2025-05-30,2025,"Smlouva o dílo- Modernizace učebny fyziky ZŠ Žižkova, Turnov- dodávka nábytku",False
33473432,"Základní škola národního umělce Petra Bezruče, Frýdek-Místek, tř. T. G. Masaryka 454",60045965,SANTAL spol. s r. o.,42408121,476615.0,2025-05-29,2025,Vybavení učebny,True
33382140,"Základní škola Sokolov, Švabinského 1702",69979081,MY DVA holding a.s.,25676059,318444.0,2025-05-07,2025,Nákup lavic a židlí,True
33361004,Město Aš,00253901,"KECIP, s.r.o.",25426842,788020.0,2025-05-21,2025,"Kupní - Kupní smlouva dodávky ""Rozvoj digitálních a jazykových kompetencí žáků ZŠ Aš, Kamenná 152, okres Cheb   Nábytek""",False
33351492,"Základní škola Boskovice, příspěvková organizace",62072757,Křovina s.r.o.,26424819,64556.97,2025-05-21,2025,"Dodání žákovských stolů, židlí",True
33327724,"Gymnázium, Krnov, příspěvková organizace",00601349,COMFOR STORES a.s.,26290944,3602599.55,2025-05-19,2025,Investice do odborných účeben ,True
33316928,Obec Slavkov,00300667,Hilbert Interiéry s.r.o.,28661133,2499247.54,2025-05-19,2025,Dodávky školního nábytku pro ZŠ a MŠ Slavkov,False
33285888,Město Jeseník,00302724,Prosto interiér s.r.o.,03171906,3610200.0,2025-05-14,2025,Revitalizace školního objektu ul. Kalvodova - vybavení - 2. část VZ_dodávka vnitřního vybavení,False
33274564,Statutární město Liberec,00262978,SANTAL spol. s r. o.,42408121,4794077.73,2025-05-07,2025,Zvýšení kvality vzdělávání ZŠ Švermova - nábytek,False
33267624,"Základní škola, Praha 10, Švehlova 2900/12, příspěvková organizace",65993276,Křovina s.r.o.,26424819,56408.72,2025-05-14,2025,Objednávka školního nábytku,True
33263532,Česká republika - Akademie věd České republiky,60165171,Eagle Eyes a.s.,01502875,909090.0,2025-05-13,2025,Kancelářské potřeby,True
33169392,"Střední odborná škola pro ochranu a obnovu životního prostředí - Schola Humanitas, Litvínov, Ukrajinská 379, okres Most",00832375,KZ system s.r.o.,25047752,17097730.81,2025-04-30,2025,"Modernizace a vybavení lab. biologie a učeben pro polytechnické, jaz. a digitální vz. - projekt",True
33167440,"Základní škola a mateřská školaHazlov, okres Cheb",75010895,"Základní škola a mateřská školaHazlov, okres Cheb",75010895,1834287.0,2025-04-24,2025,Dodávky vybavení pro ZŠ Hazlov,True
33166248,"Gymnázium Dr. Josefa Pekaře, Mladá Boleslav, Palackého 211",48683868,Hilbert projekty s.r.o.,09435981,1064733.0,2025-05-06,2025,Dodávka nábytku pro jazykové učebny Gymnázia Dr. Josefa Pekaře,True
33098248,Město Hořice,00271560,"Artspect, a.s.",28123395,2198859.0,2025-04-24,2025,"Kupní smlouva - dodávka nábytku v rámci VZ ""Podkrovní vestavba ZŠ Na Daliborce Hořice""",False
33081740,"Základní škola Strakonice, Dukelská 166",47255838,"Základní škola Strakonice, Dukelská 166",47255838,71267.97,2025-04-28,2025,"žákovský nábytek:židle, stoly",True
33046244,Město Český Těšín,00297437,InterŠKOL a.s.,24814466,688550.0,2025-04-24,2025,"Kupní smlouva - dodávka nábytku - ""Moderní výukové metody na ZŠ v Českém Těšíně"" - pro rok 2025",False
32988280,Město Orlová,00297577,INTERDEKOR HP s.r.o.,25367498,1765971.15,2025-04-22,2025,"Kupní smlouva - Pokročilé metody ve vzdělávání na ZŠ v Orlové - ZŠ Školní 862, ZŠ U Kapličky 959 - část I: nábytek",False
32939108,"Sociálně-právní institut, s.r.o.",61538353,"Základní škola Žatec, Petra Bezruče 2000, okres Louny",60275839,499850.0,2025-04-16,2025,„Modernizace školní družiny ZŠ Petra Bezruče v Žatci – dílčí část A) Dodávka nábytku“,False
32922324,"Vyšší odborná škola, Střední průmyslová škola a Obchodní akademie, Čáslav, Přemysla Otakara II. 938",61924008,Kenast s.r.o.,27243397,1510000.0,2025-04-07,2025,"Smlouva o dílo - Dodávka technologií do učebny č. 223, budova C školy",True
32807180,Město Sokolov,00259586,"Artspect, a.s.",28123395,693049.0,2025-03-13,2025,"Základní škola Sokolov, Pionýrů 1614 – dvě odborné učebny 2.stupně - dodávka nábytku",False
32800500,Základní škola SEVER,62060422,Montážní servis truhlářské výroby,69879281,106000.0,2025-04-03,2025,Žákovský kovový nábytek,True
32743832,1. základní škola Hořovice,47515601,NÁBYTEK HONZA s.r.o.,27198821,286500.0,2025-04-01,2025,Žákovský nábytek,True
32741040,Město Valašské Meziříčí,00304387,"NOVATRONIC, s.r.o.",62302701,576371.0,2025-04-01,2025,Kupní smlouva - „Multifunkční vzdělávací centrum pro žáky ZŠ Šafaříkova“ část II. Vybavení nábytkem,False
32722780,Město Sokolov,00259586,"Artspect, a.s.",28123395,765875.0,2025-02-06,2025,"Smlouva o dodávce nábytku pro akci: Základní škola Sokolov, Švabinského 1702 - odborná učebna přírodovědných předmětů pr",False
32693208,"Statutární město Ostrava, městský obvod Poruba",00845451,INTERDEKOR HP s.r.o.,25367498,2545182.5,2025-03-27,2025,Kupní smlouva- Pokročilé metody digitálního vzdělávání na vybraných ZŠ v Ostravě-Porubě – nábytek,False
32657400,Ústecký kraj,70892156,"Gymnázium Josefa Jungmanna, Litoměřice, Svojsíkova 1, příspěvková organizace",46773673,2434504.27,2025-03-25,2025,Smlouva o bezúplatném převodu věcí movitých - Přírodovědné vzdělávání (IROP),False
32606664,Střední průmyslová škola polytechnická - Centrum odborné přípravy Zlín,14450500,Křovina s.r.o.,26424819,114224.38,2025-03-21,2025,nákup - vybavení učebny,True
32595344,Statutární město Mladá Boleslav,00238295,Kenast s.r.o.,27243397,1987700.0,2025-03-14,2025,Kupní smlouva,False
32537884,"Základní škola Náměšť nad Oslavou, Husova 579",44065868,PWR computers a.s.,48394246,1879735.0,2025-03-10,2025,Kupní smlouva - modernizace jazykové učebny ,True
32505844,Město Nové Město nad Metují,00272876,Hilbert Interiéry s.r.o.,28661133,799999.0,2025-03-10,2025,"Kupní smlouva ""Modernizace odborné učebny přírodopisu v ZŠ Malecí - nábytek""",False
32403568,"Gymnázium Josefa Kainara, Hlučín, příspěvková organizace",47813091,MULTIP Moravia s.r.o.,16627971,765789.47,2025-03-06,2025,"Dodávka pomůcek do výuky do učeben fyziky, chemie a matematiky ",True
32397940,"Základní škola a Mateřská škola Červený vrch, Praha 6, Alžírská 26",48133809,"ALEX kovový a školní nábytek, s.r.o.",26943344,135200.0,2025-03-04,2025,Objednávka žákovských stolů a židlí,True
32268984,"Základní škola Boženy Němcové Jaroměř, Husovo náměstí 352, okres Náchod",70926662,Rapid Design s.r.o.,01974769,6472955.5,2024-08-23,2024,Dodatek č.2 ke kupní smlouvě,True
32259332,"Základní škola a mateřská škola, Vrchlabí, Horská 256",71005889,"AV MEDIA SYSTEMS, a.s.",48108375,924870.0,2025-02-24,2025,Dohoda o narovnání - kupní smlouva - dodávka vybavení do odborných učeben,True
32223264,"Základní škola, Náchod, Komenského 425",70154279,"Základní škola, Náchod, Komenského 425",70154279,2167836.0,2024-08-12,2024,"Dodávka vybavení učeben - Základní škola, Náchod, Komenského 425",True
32177860,"Základní škola a mateřská škola, Vrchlabí, Horská 256",71005889,"Základní škola a mateřská škola, Vrchlabí, Horská 256",71005889,924870.0,2024-08-22,2024,Dodávka vybavení do odborných učeben,True
32169812,"Domov mládeže a Školní jídelna, České Budějovice, Holečkova 2",60077611,Dřevozpracující výrobní družstvo,00030520,2448085.0,2025-02-17,2025,"Půdní vestavba Domova mládeže, Holečkova 2, České Budějovice - Interiérové vybavení",True
32114864,"Střední odborná škola zdravotnická a Střední odborné učiliště, Český Krumlov, Tavírna 342",60821221,KOSTAX spol. s r.o.,60850353,12999339.51,2024-07-15,2024,"Smlouva o dílo ,,Modernizace SOŠZ a SOU""",True
32097336,"Základní škola F.L.Čelakovského, Strakonice, Jezerní 1280",47255897,"Základní škola F.L.Čelakovského, Strakonice, Jezerní 1280",47255897,82315.0,2025-02-04,2025,"oprava učebny a nový nábytek v jazykové učebně v Chelčického 555, Strakonice",True
32097268,"Základní škola F.L.Čelakovského, Strakonice, Jezerní 1280",47255897,"Základní škola F.L.Čelakovského, Strakonice, Jezerní 1280",47255897,81188.0,2025-02-04,2025,oprava učebny a nový nábytek v jazykové učebně,True
32012176,"Statutární město Ostrava, městský obvod Hošťálkovice",00845451,Baar Group s.r.o.,06745342,1307270.0,2024-11-22,2024,Registr smluv_125_2024_Dohoda o narovnání závazků Baar Group,False
31965996,Město Dobruška,00274879,Rapid Design s.r.o.,01974769,1296970.0,2025-01-30,2025,"Kupní smlouva - dodávka nábytku a dalšího vybavení pro ZŠ Pulická, Dobruška",False
31950156,Statutární město Brno,44992785,INTERDEKOR HP s.r.o.,25367498,3478163.0,2025-01-30,2025,"Kupní smlouva - ZŠ Bosonožská – Inovace materiálních podmínek pro rozvoj přírodovědné, informační a technické gramotnost",False
31922052,Město Kroměříž,00287351,AKTÉ projekt s.r.o.,26960834,184900.0,2025-01-27,2025,"Objednávka - zpracování projektové dokumentace na akci:  ZŠ Zámoraví, Kroměříž - přestavba bytu školníka na odborné učeb",False
31846644,Středočeský kraj,70891095,"Střední odborná škola stavební a Střední odborné učiliště stavební, Kolín II, Pr",00177032,10909637.55,2025-01-20,2025,"Smlouva o partnerství - Střední odborná škola stavební a Střední odborné učiliště stavební, Kolín II, Pražská 112",False
31838012,"Základní škola Strakonice, Dukelská 166",47255838,"Základní škola Strakonice, Dukelská 166",47255838,53769.6,2025-01-21,2025,"žákovský nábytek, 14 TEO R II žákovských stolů bez košíku, 28 TEO žákovských židlí, RAL 5012, velikost 7-5",True
31685576,"Základní škola a mateřská škola Morávka, příspěvková organizace",70942129,PWR computers a.s.,48394246,1548629.0,2024-12-20,2024,Dodávky vybavení pro ZŠ Morávka,True
31612036,Město Ivančice,00281859,"Artspect, a.s.",28123395,1499822.0,2025-01-02,2025,25100002 Kupní smlouva - Dodávka vybavení odborných učeben – AV a IT technika a nábytek – Základní škola T. G. Masaryka ,False
31606832,Město Sokolov,00259586,NEXINEO CZ s.r.o.,07904380,429214.0,2024-12-17,2024,"Základní škola Sokolov, Běžecká 2055 - multimediální učebna pro žáky 1.stupně: dodávka nábytku",False
31512904,"Střední zdravotnická škola, Děčín, Čsl. mládeže 5/9, příspěvková organizace",00673781,"Střední zdravotnická škola, Děčín, Čsl. mládeže 5/9, příspěvková organizace",00673781,51414.06,2024-12-18,2024,Nákup školního nábytku,True
31479460,"Základní škola, Trutnov, V Domcích 488",64201121,Rapid Design s.r.o.,01974769,53460.0,2024-12-12,2024,"Dodatek č.1 ke kupní smlouvě ""Dodávka nábytkového vybavení učeben - Základní škola, Trutnov, V Domcích 488""",True
31444948,"Střední škola informatiky, elektrotechniky a řemesel Rožnov pod Radhoštěm",00843474,MY DVA holding a.s.,25676059,516497.76,2024-12-16,2024,nákup školního nábytku,True
31356944,Základní škola Špitálská,61382213,Alena Balíková,49721542,103110.0,2024-11-20,2024,Nabytek do tridy,True
31352740,Město Lipník nad Bečvou,00301493,Moderní škola s.r.o.,28607376,3404371.3,2024-12-10,2024,modernizace odborných učeben ZŠ Osecká a ZŠ Hranická - dodání nábytku,False
31347528,"Základní škola Dřevohostice, okres Přerov, příspěvková organizace",70040656,Prekt service s.r.o.,03023419,663239.0,2024-12-05,2024,Dodávky vybavení pro ZŠ Dřevohostice  ,True
31289156,"Střední odborná škola a Střední odborné učiliště, Hněvkovice 865",00073130,MULTIP Moravia s.r.o.,16627971,120345.39,2024-11-28,2024,Nábytek do odborné učebny č. 21,True
31251100,"Základní škola Bruntál, Jesenická 10",00852805,InterŠKOL a.s.,24814466,439010.0,2024-12-03,2024,"Objednávka nábytku - projekt ""Multimediální učebna přírodních věd v ZŠ Bruntál, Jesenická 10""",True
31243152,"Střední odborná škola a Střední odborné učiliště, Hněvkovice 865",00073130,MULTIP Moravia s.r.o.,16627971,120345.39,2024-11-28,2024,Nábytek do odborné učebny č. 21,True
31243092,"Střední odborná škola a Střední odborné učiliště, Hněvkovice 865",00073130,MULTIP Moravia s.r.o.,16627971,171149.66,2024-11-28,2024,Nábytek do odborné učebny č. 24,True
31236748,"Základní škola, Praha 4, Plamínkové 2",60435640,"Základní škola, Praha 4, Plamínkové 2",60435640,96210.0,2024-11-19,2024,Žákovský nábytek,True
31151692,"Střední odborná škola a Střední odborné učiliště Jílové u Prahy, příspěvková organizace",14802015,Křovina s.r.o.,26424819,64068.31,2024-11-25,2024,Dodávka školního nábytku,True
31144816,"Střední škola obchodní, České Budějovice, Husova 9",00510874,DTD Styl CB s.r.o.,26069687,1388838.0,2024-11-26,2024,"Kupní smlouva - žákovské pracovní stoly s výsuvným monitorem pro novou přístavb, Husova 9",True
31142564,Integrovaná střední škola - Centrum odborné přípravy a Jazyková škola s právem státní jazykové zkoušky Valašské Meziříčí,00851574,Hilbert Interiéry s.r.o.,28661133,508198.79,2024-03-26,2024,Kupní smlouva - Školní nábytek,True
31106564,"Základní škola, O. Nedbala 30, České Budějovice",60077093,MY DVA holding a.s.,25676059,1533213.99,2024-11-22,2024,Nákup nábytku do 2 odborných učeben,True
31091608,"Střední škola obchodní, České Budějovice, Husova 9",00510874,DTD Styl CB s.r.o.,26069687,671974.0,2024-11-04,2024,"Dodatek č. 1 ke kupní smlouvě ""Žákovské pracovní stoly s výklopy""",True
31085580,"Gymnázium a Střední odborná škola zdravotnická a ekonomická Vyškov, příspěvková organizace",00559270,Dlugosz s.r.o.,14062020,2674810.0,2024-08-06,2024,"Modernizace odborných učeben - vybavení, část I. - Nábytek",True
31006276,Střední škola - Centrum odborné přípravy technické Kroměříž,00568945,SANTAL s.r.o.,42408121,222991.4,2024-11-14,2024,Smlouva o dílo - pořízení školního nábytku,True
30991472,"Základní škola Rychnov nad Kněžnou, Masarykova 563",60884835,Robert Janovský,45574332,1565460.0,2024-11-08,2024,"Dodatek ke kupní smlouvě - ,,Dodávka vybavení učeben - Základní škola Rychnov nad Kněžnou, Masarykova 563""",True
30910800,"Základní škola a mateřská škola, Praha 2, Na Smetance 1",47611928,Křovina s.r.o.,26424819,165123.2,2024-10-03,2024,Objednávka školního nábytku,True
30871672,"Základní škola Strakonice, Dukelská 166",47255838,"Základní škola Strakonice, Dukelská 166",47255838,75891.73,2024-10-31,2024,"Žákovský nábytek(1 skříň,15 židlí, 8 stolů)do učebny VT",True
30801756,Obec Dražovice,00291722,Obec Dražovice,00291722,658858.0,2024-08-19,2024,"Kupní smlouva - ""Půdní vestavba ZŠ Dražovice - dodávka vybavení - Část 2 - Nábytek""",False
30745444,Statutární město Brno,44992785,INTERDEKOR HP s.r.o.,25367498,3474855.0,2024-10-30,2024,"Kupní smlouva - ZŠ Bosonožská – Inovace materiálních podmínek pro rozvoj přírodovědné, informační a technické gramotnost",False
30673416,"Základní škola Rychnov nad Kněžnou, Masarykova 563",60884835,Robert Janovský,45574332,1439700.0,2024-09-10,2024,Dodávka nábytku a dalšího vybavení pro modernizované odborné učebny,True
30669620,"Základní škola Jaroměř - Josefov, Vodárenská 370, okres Náchod",70932085,"ANDRAIA, spol. s r.o.",25787969,1973666.0,2024-10-23,2024,"nábytek, vybavení učebny",True
30642252,Město Uničov,00299634,KANONA a.s.,04163664,2878390.0,2024-08-21,2024,"Uničov - ZŠ Pionýrů , učebny, ovál, WC ZTP, část nábytek",False
30609996,"Základní škola a Mateřská škola Tábor, Husova 1570",70877807,CISS CZ s.r.o.,60826860,119516.82,2024-10-16,2024,školní nábytek,True
30590104,"Základní škola Orlová - Lutyně U Kapličky 959 okres Karviná, příspěvková organizace",62331426,CISS CZ s.r.o.,60826860,155187.0,2024-10-16,2024,Objednávka školního nábytku ,True
30524932,"Základní škola Benešov, Jiráskova 888",75033062,Křovina s.r.o.,26424819,230000.0,2024-10-11,2024,"lavice, židle pro žáky",True
30514904,"Základní škola, Pohůrecká 16, České Budějovice",62537661,MY DVA holding a.s.,25676059,2208876.0,2024-10-11,2024,nábytek odborných učeben,True
30497664,Město Vlašim,00232947,BREZKA interier s.r.o.,10745106,2583258.0,2024-08-27,2024,kupní smlouva - Modernizace odborných učeben ZŠ Vorlina - dodávka a montáž nábytku,False
30487944,"Základní škola, Praha 4, Ružinovská 2017",60446161,MY DVA holding a.s.,25676059,75090.3,2024-10-07,2024,Objednávka nábytku do učebny,True
30474416,"Základní škola Dr. h. c. Jana Masaryka, Harrachov, příspěvková organizace",00854808,"KXN CZ, s.r.o.",28784111,51840.0,2024-10-09,2024,Kmenový nábytek,True
30457752,"Základní škola, Trutnov, R. Frimla 816",64201139,Rapid Design s.r.o.,01974769,4763335.0,2024-10-08,2024,"Kupní smlouva - Dodávka nábytkového vybavení učeben ZŠ R. Frimla 816, Trutnov",True
30444088,ZŠ Karla Vokáče,47694815,Školab s.r.o.,64791793,3171200.0,2024-09-25,2024,Dodávka školního nábytku do třech modernizovaných odborných učeben a dvou nově vybudovaných odborných kabinetů na ZŠ Kar,False
30425292,Základní škola a Mateřská škola Jílovice,70983232,Základní škola a Mateřská škola Jílovice,70983232,1132120.0,2024-09-28,2024,"IT vybavení, nábytek a pomůcky",True
30381240,"Tyršova základní škola, Brno, Kuldova 38",48511111,"ALEX kovový a školní nábytek, s.r.o.",26943344,81844.0,2024-09-20,2024,Sestava žákovského nábytku,True
30373212,Technická univerzita v Liberci,46747885,ABCD Služby školám s.r.o.,62244892,126953.0,2024-09-27,2024,Kupní smlouva int. č. TUL24/7817/070693_FM-002 podkroví budovy A – nábytek,False
30362696,"Střední odborná škola a Střední odborné učiliště Jílové u Prahy, příspěvková organizace",14802015,"LABOR - KOMPLET, s.r.o.",25781057,1769250.0,2024-09-30,2024,Modernizace chemické laboratoře,True
30349908,"Albrechtova střední škola, Český Těšín, příspěvková organizace",00577235,Hilbert Interiéry s.r.o.,28661133,1632332.0,2024-07-08,2024,"Dodávka nábytku do odborných učeben Abrechtové střední školy, Český Těšín",True
30342572,Město Nejdek,00254801,"Z + M Partner, spol. s r.o.",26843935,997052.0,2024-09-30,2024,Smlouva o dílo - Modernizace učeben v budově ZŠ Nejdek - jazyková učebna 1. stupeň - IT vybavení,False
30319292,Město Slavkov u Brna,00292311,"KDZ, spol. s r.o.",15526691,14148777.0,2024-09-26,2024,Kupní smlouva-dodávka vybavení učeben družiny a odborných učeben ZŠ Komenského ve Slavkově u Brna (technické vybavení vč,False
30319184,Město Slavkov u Brna,00292311,TOPGAL UNION s.r.o.,26857596,1215942.0,2024-09-26,2024,Kupní smlouva-dodávka vybavení učeben družiny a odborných učeben ZŠ Komenského ve Slavkově u Brna (volně stojící nábytek,False
30259596,"Základní škola Čáslav, Sadová 1756, okres Kutná Hora",71176683,MY DVA holding a.s.,25676059,4155671.0,2024-09-17,2024,Kupní smlouva - nábytek Zlepšení kvality a dostupnosti ,True
30152656,statutární město Děčín,00261238,"AV MEDIA SYSTEMS, a.s.",48108375,2969460.0,2024-09-10,2024,"KS -Modernizace odborných učeben ZŠ a MŠ Děčín IX, Na Pěšině 330“ část C – IT",False
30129372,"Střední zdravotnická škola a Vyšší odborná škola zdravotnická, Ostrava, příspěvková organizace",00600920,Stolařství IDEÁL Šebesta s.r.o.,25850831,332985.0,2024-08-13,2024,Dodatek č.1 smlouvy o dílo - Nábytek pro odbornou učebnu pro praktické sestry,True
30123372,Město Sokolov,00259586,KANONA a.s.,04163664,204330.0,2024-08-21,2024,"Smlouva o dodávce nábytku pro akci: Základní škola Sokolov, Švabinského 1702 – multimediální jazyková učebna pro žáky 2.",False
36793517,"Armádní Servisní, příspěvková organizace",60460580,BRYVECASTA s.r.o.,24762695,449783661.05,2024-12-04,2024,"Smlouva o poskytování služeb - Úklidové a pokojské služby, recepční služby, venkovní úklidy a prádelenské služby v zaříz",False
36676317,Městská část Praha 8,00063797,JRD Kappa s.r.o.,09709991,8162880.0,2026-02-02,2026,SMLOUVA O ÚPRAVĚ VZÁJEMNÝCH VZTAHŮ,False
36662961,KruV - RS (Kraj Vysočina),70890749,Josef Vašina,15205240,88800.0,2026-01-30,2026,"Smlouva o poskytnutí dotace v rámci programu Rozvoj podnikatelů 2025, ID dotace FV02961.0115",False
36662925,KruV - RS (Kraj Vysočina),70890749,"ARTEMIA,s.r.o.",49450328,150000.0,2026-01-30,2026,"Smlouva o poskytnutí dotace v rámci programu Rozvoj podnikatelů 2025, ID dotace FV02961.0053",False
36498017,"Základní škola a Mateřská škola Bohumín Bezručova 190 okres Karviná, příspěvková organizace",75029111,Stěhujeme - Hned s.r.o.,10888446,136246.0,2026-01-22,2026,Sthování vybavení MŠ Tovární,True
36146877,Statutární město Chomutov,00261891,Boele s.r.o.,10881476,2420000.0,2025-10-17,2025,Dodatek č. 1 ke smlouvě - PD řešení konverze objektu bývalých městských lázní v Chomutově.,False
36143725,"Správa železnic, státní organizace",70994234,RODOKOV 91 s.r.o.,64609316,67350000.0,2025-12-18,2025,"Rámcová dohoda na provedení stavebních prací - Údržba, opravy a odstraňování závad u SPS v obvodu OŘ OVA 2026 - provozní",False
36143721,"Správa železnic, státní organizace",70994234,"MŽT Stavitelství, a.s.",27762157,67350000.0,2025-12-18,2025,"Rámcová dohoda na provedení stavebních prací - Údržba, opravy a odstraňování závad u SPS v obvodu OŘ OVA 2026 - provozní",False
35982817,Fakultní nemocnice Olomouc,00098892,GEMO a.s.,13642464,453700000.0,2025-12-10,2025,SOD k VZ-2024-000982 Dostavba a rekonstrukce budovy U VZ-2024-000982,False
35880093,"Správa železnic, státní organizace",70994234,"MŽT Stavitelství, a.s.",27762157,7343110.41,2025-12-03,2025,"SMLOUVA O DÍLO NA ZHOTOVENÍ STAVBY-Drahotuše ON-oprava (Kompl. opr. výpr.bud. spoč. v dispoz. změnách budovy, opravě ele",False
35855601,Město Roudnice nad Labem,00264334,GraphTech spol. s r.o.,25238051,2259265.0,2025-07-10,2025,"Smlouva o dílo k projektu „Konektivita Základní školy Karla Jeřábka, Roudnice nad Labem“",False
35834833,Fakultní nemocnice Olomouc,00098892,PTÁČEK - pozemní stavby s.r.o.,25896873,34780000.0,2025-12-01,2025,SOD Realizace PD a novostavba budovy bufetu ve FNOL VZ-2025-001041,False
35569273,Univerzita Palackého v Olomouci,61989592,"ESOX, spol. s r.o.",00558010,113591051.96,2024-11-11,2024,Smlouva o dílo - Tř. Svobody 8 - rekonstrukce objektu pro potřeby FZV UPOL,False
35519349,"Gymnázium Matyáše Lercha, Brno, Žižkova 55, příspěvková organizace",00559008,"KOVO, výrobní družstvo",00030325,498765.0,2025-11-06,2025,Dodávka školního nábytku 2,True
35517941,"Správa železnic, státní organizace",70994234,SWIETELSKY Rail CZ s.r.o.,28332202,149000000.0,2025-11-07,2025,Rámcová dohoda na Provádění strojní opravné reprofilace výhybek pro OŘ Praha 2025 - 2027,False
35450357,"Správa železnic, státní organizace",70994234,ROAD TRACK s.r.o.,05894441,2075671.47,2025-11-04,2025,SMLOUVA O DÍLO NA ZHOTOVENÍ STAVBY - Demolice objektů v obvodu OŘ OVA 2025 – 3. etapa,False
35434285,"Statutární město Brno, městská část Brno-střed",44992785,Ing.arch.Radko Květ,13676601,948000.0,2025-10-30,2025,"SOD &amp;quot;ZŠ Brno, Úvoz 55, p.o. - vybudování nového školského objektu - zpracování studie proveditelnosti&amp;quot;",False
35355989,"Krajská zdravotní, a.s.",25488627,CRAC spol. s r.o.,48109347,6200000.0,2025-10-24,2025,078140-2025_Smlouva o dílo_Ředírna radiofarmak_4582,False
35349673,"Správa železnic, státní organizace",70994234,"AlphaCon, spol. s r.o.",47118105,674976.06,2025-10-24,2025,Smlouva o dílo na zhotovení stavby &quot;Odstraňování postradatelných objektů SŽ - Demolice (obvod OŘ PHA) - Nová Ves po,False
35345389,"Správa železnic, státní organizace",70994234,Dagmar Polhošová,48727873,1300807.88,2025-10-24,2025,Smlouva o dílo na zhotovení stavby - Demolice objektů v obvodu OŘ OVA 2025 – 5. etapa,False
35251097,"Správa železnic, státní organizace",70994234,MAFA STAVBY s.r.o.,06892752,1849632.58,2025-10-17,2025,Smlouva o dílo na zhotovení stavby Odstraňování postradatelných objektů SŽ - Demolice (obvod OŘ Praha) - Mělník,False
35240693,Jihomoravský kraj,70888337,VCES a.s.,26746573,208422090.0,2025-09-24,2025,OST - ZZS JMK - výstavba TZ a parkovacích stání Brno-Bohunice  - Smlouva o dílo - stavba,False
35225389,Městská část Praha-Lipence,00241431,LOKKI International s.r.o.,26349531,3726357.0,2025-10-15,2025,Kupní smlouva na dodávku nábytku a vybavení,False
35133041,"Základní škola V Olšinách, Praha 10, příspěvková organizace",19723580,Zkoušky nanečisto s.r.o.,06713408,317520.0,2025-09-12,2025,Krátkodobá podnájemní smlouva,True
35086437,"Správa železnic, státní organizace",70994234,"AlphaCon, spol. s r.o.",47118105,956657.59,2025-10-06,2025,Smlouva o dílo na zhotovení stavby Odstraňování postradatelných objektů SŽ – Demolice (obvod OŘ PHA) - Český Brod - strá,False
34986737,Karlovarský kraj,70891168,PKS stavby a.s.,46980059,1173699998.69,2025-09-19,2025,Smlouva o dílo se zhotovitelem stavby v rámci projektu Rekonstrukce a modernizace Střední uměleckoprůmyslové školy keram,False
34930673,"Správa železnic, státní organizace",70994234,Elektrizace železnic Praha a.s.,47115921,1063540.0,2025-09-24,2025,Smlouva o dílo Výstavba fotovoltaických zdrojů v lokalitě Praha-Vršovice,False
34856629,"Správa železnic, státní organizace",70994234,"ATE, s. r. o.",48360473,6587000.0,2025-09-18,2025,"Smlouva o dílo na zhotovení Projektové dokumentace a stavby Rekonstrukce PZS na přejezdu P2100 v km 3,009 trati Kralupy ",False
34853213,Statutární město Brno,44992785,Atelier 99 s.r.o.,02463245,3340000.0,2025-09-16,2025,Smlouva o zpracování projektové dokumentace a o výkonu autorského dozoru,False
34815917,Mestska cast Praha - Reporyje,00241628,MAZOK s.r.o.,11920360,1910000.0,2025-09-15,2025,zveřejnění smlouvy o dílo - nástavba 3.NP ZŠ SML 00054/2025,False
34809197,"Správa železnic, státní organizace",70994234,GJW Praha spol. s r.o.,41192869,178554924.19,2025-09-15,2025,Smlouva o dílo na zhotovení stavby Prostá rekonstrukce trati v úseku Bečváry – Mirošovice u Rataj nad Sázavou,False
34791661,"Správa železnic, státní organizace",70994234,GJW Praha spol. s r.o.,41192869,926009.5,2025-09-12,2025,Smlouva o dílo na zhotovení stavby Odstraňování postradatelných objektů SŽ - Demolice (obvod OŘ Praha) - Beroun - strážn,False
34769685,"Správa železnic, státní organizace",70994234,"MONZAS, a.s.",44222734,13928000.0,2025-09-11,2025,"Smlouva o dílo na zhotovení Projektové dokumentace a stavby Výstavba PZS na přejezdu P2731 v km 3,230 trati Čelákovice -",False
34761461,Všeobecná fakultní nemocnice v Praze,00064165,EXRAY s.r.o.,01647580,16986800.0,2025-08-08,2025,Dodávka vybavení pro endoskopický zákrokový sál na urologické klinice,False
34757645,Statutární město Brno,44992785,GARANT projekt s.r.o.,06722865,2496575.0,2025-09-10,2025,"Smlouva o zpracování projektové dokumentace a o výkonu autorského dozoru na „MŠ v MČ Brno–Židenice, Nová Zbrojovka Objek",False
34740061,Statutární město Brno,44992785,Atelier 99 s.r.o.,02463245,5240000.0,2025-09-08,2025,"Smlouva o zpracování projektové dokumentace a a o výkonu autorského dozoru &amp;quot;MŠ v MČ Brno.Maloměřice a Obřany, P",False
34686309,"Střední zdravotnická škola a Vyšší odborná škola zdravotnická Brno, Merhautova, příspěvková organizace",00638005,LIGNOMETAL s.r.o.,26956756,76540.0,2025-08-28,2025,smlouva o dílo zhotovení nábytku,True
34622481,"Základní škola a mateřská škola Český Těšín Pod Zvonek, příspěvková organizace",48004693,Křovina s.r.o.,26424819,125000.0,2025-08-29,2025,"Objednávka- vybavení tříd, nábytek",True
34616289,"Správa železnic, státní organizace",70994234,Intesys s.r.o.,29379091,12477100.0,2025-08-29,2025,Smlouva o dílo na zhotovení Projektové dokumentace a stavby Instalace kamerových systémů s detekcí přestupků v obvodu OŘ,False
34606733,Olomoucký kraj,60609460,ARTECH spol. s r.o.,25024671,11627500.0,2025-08-29,2025,Smlouva o dílo a smlouva příkazní - Sociální služby Libina - výstavba nové budovy-BIM,False
34566085,"Správa železnic, státní organizace",70994234,"CTB, a.s.",24694410,55315297.86,2025-08-26,2025,Smlouva o dílo na zhotovení stavby Zajištění skalních masívů v úseku trati Davle - Týnec nad Sázavou,False
34553297,Město Rokycany,00259047,"POHL cz, a.s.",25606468,458107999.0,2025-08-20,2025,Smlouva o dílo - Revitalizace areálu Sokolovny v Rokycanech - Nové centrum kultury,False
34535705,"Technické služby Zlín, s.r.o.",60711086,Technické služby Křemének s.r.o.,04493214,1440000.0,2025-08-21,2025,Smlouva o dílo - Úklid objektů TS Zlín 2025 - 2027“,False
34530317,"Správa železnic, státní organizace",70994234,"Chládek & Tintěra, a.s.",62743881,598744.1,2025-08-22,2025,Smlouva o dílo na zhotovení stavby Odstraňování postradatelných objektů SŽ - Demolice (obvod OŘ Praha) - Praha Kbely - s,False
34525577,Fakultní nemocnice Bulovka,00064211,LuBuilding s.r.o.,08178551,7804519.47,2025-08-19,2025,"Smlouva o dílo na vybudování 93 nových parkovacích stání včetně doplnění, tj. dodávky automatického parkovacího systému ",False
34502229,"Správa železnic, státní organizace",70994234,"Valbek SK, spol. s r.o.",None,37190000.0,2025-08-19,2025,"Smlouva o dílo na zhotovení DSP, PDPS a Dozor projektanta „Revitalizace Liberec - Česká Lípa (mimo)&quot;, 2. etapa",False
34423645,"Gymnázium Matyáše Lercha, Brno, Žižkova 55, příspěvková organizace",00559008,"KOVO, výrobní družstvo",00030325,698224.0,2025-08-12,2025,Dodávka školního nábytku,True
34369605,"Správa železnic, státní organizace",70994234,"Chládek a Tintěra, Pardubice a.s.",25253361,5153050.0,2025-08-04,2025,Smlouva o dílo na zhotovení stavby Název zakázky: „Rekonstrukce výpravní budovy Uhersko“,False
34325945,"Správa železnic, státní organizace",70994234,STRABAG Rail a.s.,25429949,168790677.21,2025-08-04,2025,Smlouva o dílo na zhotovení stavby Cyklická obnova trati v úseku Liběchov (mimo) – Nymburk (mimo),False
34310725,"Správa železnic, státní organizace",70994234,GJW Praha spol. s r.o.,41192869,572629.98,2025-08-01,2025,Smlouva o dílo na zhotovení stavby Odstraňování postradatelných objektů SŽ - Demolice (obvod OŘ Praha) - Otvovice - strá,False
34288433,"Správa železnic, státní organizace",70994234,"RATAELA, a.s.",05598150,51622415.56,2025-07-30,2025,Smlouva o dílo na zhotovení stavby Oprava trati v úseku Hýskov - Zbečno,False
34263957,"Správa železnic, státní organizace",70994234,"MONZAS, a.s.",44222734,43000000.0,2025-07-29,2025,"Rámcová dohoda na provedení stavebních prací Údržba, opravy a odstraňování závad u SSZT OŘ PHA 2025 - 2026 - SSZT Pv",False
34262797,"Správa železnic, státní organizace",70994234,"MONZAS, a.s.",44222734,92000000.0,2025-07-29,2025,"Rámcová dohoda na provedení stavebních prací Údržba, opravy a odstraňování závad u SSZT OŘ PHA 2025 - 2026 - SSZT Pz",False
34207421,"Správa železnic, státní organizace",70994234,IDS - Inženýrské a dopravní stavby Olomouc a.s.,25869523,12638693.85,2025-07-23,2025,SMLOUVA O DÍLO NA ZHOTOVENÍ STAVBY - Rekonstrukce a prodloužení nástupiště v zastávce Horní Tošanovice (Rekon. vnějšího ,False
34130017,Fakultní nemocnice Olomouc,00098892,PTÁČEK - pozemní stavby s.r.o.,25896873,18760293.4,2025-07-15,2025,SOD k VZ-2025-000592 SÚ budovy Q - zákrokový sál VZ-2025-000592,False
34121745,"Správa železnic, státní organizace",70994234,SAGASTA s.r.o.,04598555,8408000.0,2025-07-15,2025,"Smlouva o dílo na zhotovení DPS, PDPS, Technickoekonomická studie a DP:„Rekonstrukce železniční tratě v úseku Kralovice ",False
34101989,Město Beroun,00233129,"Mateřská škola Beroun, Drašarova 1447, příspěvková organizace",70974969,61242.0,2025-07-14,2025,"Darovací smlouva - vybavení MŠ (herní prvky na dětské hřiště, nábytek do MŠ)",False
34101581,"Základní škola Brno, Janouškova 2, příspěvková organizace",49466615,"Základní škola Brno, Janouškova 2, příspěvková organizace",49466615,151550.0,2025-07-01,2025,Nákup vybavení tříd a kabinetů KOVO,True
34049293,"Správa železnic, státní organizace",70994234,Hroší stavby Morava a.s.,28597460,14749578.0,2025-07-10,2025,SMLOUVA O DÍLO NA ZHOTOVENÍ STAVBY - Rekonstrukce a prodloužení nástupiště v zastávce Dobratice pod Prašivou,False
34034033,Město Frýdlant nad Ostravicí,00296651,INTOZA s.r.o.,25873261,33841038.0,2023-08-03,2023,Stavební úpravy a rozšiřování kapacity MŠ Lubno,False
34026293,"Správa železnic, státní organizace",70994234,GJW Praha spol. s r.o.,41192869,125757810.81,2025-07-09,2025,Smlouva o dílo na zhotovení stavby Prostá rekonstrukce trati Chotětov (včetně) – Všetaty (mimo),False
34009921,Město Brandýs nad Labem-Stará Boleslav,00240079,P&O Services s.r.o.,04581849,3883173.0,2025-03-21,2025,Kupní smlouva - vybavení interiérů - ZŠ Na Výsluní část C nábytek a sportovní vybavení ,False
33994341,"Základní škola, Praha 5, Pod Radnicí 5",70845964,NÁBYTEK HONZA s.r.o.,27198821,228727.0,2025-06-19,2025,"Školní nábytek, vybavení tříd",True
33986525,"Správa železnic, státní organizace",70994234,"AlphaCon, spol. s r.o.",47118105,649822.59,2025-07-07,2025,Smlouva o dílo na zhotovení stavby Odstraňování postradatelných objektů SŽ – Demolice (obvod OŘ Praha) - Rakovník - strá,False
33984785,"Správa železnic, státní organizace",70994234,MAFA STAVBY s.r.o.,06892752,514800.64,2025-07-07,2025,Smlouva o dílo na zhotovení stavby Odstraňování postradatelných objektů SŽ – Demolice (obvod OŘ Praha) - Krty - strážní ,False
33899489,Město Bílina,00266230,"IPSEN, s. r. o.",28752082,874321.03,2025-06-27,2025,Smlouva o dílo - Modernizace odborných učeben ZŠ Lidická - Stavební úpravy,False
33870273,Statutární město Jablonec nad Nisou,00262340,"AV MEDIA SYSTEMS, a.s.",48108375,5736915.53,2025-06-25,2025,Modernizace ZŠ 5.května v Jablonci nad Nisou – dodávka počítačového a audiovizuálního vybavení“ - II. etapa,False
33869533,Město Přeštice,00257125,"PALIS Plzeň, spol. s r.o.",40522521,15385610.92,2025-06-26,2025,"smlouva o dílo - Novostavba dětské skupiny, Žerovice",False
33834373,"Správa železnic, státní organizace",70994234,"Chládek & Tintěra, a.s.",62743881,40989000.0,2025-06-25,2025,Smlouva o dílo na zhotovení stavby Oprava kolejí a výhybek v žst. Nymburk seřaďovací nádraží,False
33816165,Statutární město Jablonec nad Nisou,00262340,"NOVATRONIC, s.r.o.",62302701,5940029.15,2025-06-23,2025,"Kupní smloouva - &amp;quot;Modernizace ZŠ 5. května v Jablonci nad Nisou – dodávka nábytku“, pro I. a III.etapu",False
33786173,"Správa železnic, státní organizace",70994234,STAVARON PR s.r.o.,03831892,2641371.11,2025-06-20,2025,SMLOUVA O DÍLO NA ZHOTOVENÍ STAVBY - Demolice objektů v obvodu OŘ OVA 2025 – 1. etapa. (OŘ OVA - oblastní ředitelství Os,False
33786065,"Správa železnic, státní organizace",70994234,STAVARON PR s.r.o.,03831892,2641371.11,2025-06-20,2025,SMLOUVA O DÍLO NA ZHOTOVENÍ STAVBY - Demolice objektů v obvodu OŘ OVA 2025 – 1. etapa. (OŘ OVA - oblastní ředitelství Os,False
33758149,"Správa železnic, státní organizace",70994234,Signal Projekt   s.r.o.,25525441,5967200.0,2025-06-19,2025,"Smlouva o dílo na zhotovení Projektová dokumentace pro povolení stavby, provádění stavby a Dozor projektanta Doplnění zá",False
33733261,Ústřední vojenská nemocnice - Vojenská fakultní nemocnice Praha,61383082,AKC konstrukce s r.o.,63322731,2419400.0,2025-05-30,2025,Kupní - ostatní smlouvy,False
33726029,Ústav hematologie a krevní transfuze Praha,00023736,KONSIT a.s.,18630197,7120618.0,2025-06-17,2025,Dodatek č. 7 - Smlouva o dílo - REKONSTRUKCE BUDOVY A - II. ETAPA,False
33725989,"Základní škola Brno, Janouškova 2, příspěvková organizace",49466615,"Základní škola Brno, Janouškova 2, příspěvková organizace",49466615,181210.0,2025-06-17,2025,Vybavení tříd - nábytek,True
33681728,"Správa železnic, státní organizace",70994234,Hroší stavby Morava a.s.,28597460,78199861.5,2025-06-13,2025,SMLOUVA O DÍLO NA ZHOTOVENÍ STAVBY - Rekonstrukce a prodloužení nástupišť v ŽST Hnojník,False
33679492,Česká agentura pro standardizaci,06578705,"Kabinet pro standardizaci, o.p.s.",28984072,180000.0,2025-06-11,2025,Spol.při koord.zapoj.spotřebit.v obl.ISO COPOLCO,False
33664953,"Správa železnic, státní organizace",70994234,AŽD Praha s.r.o.,48029483,13675531.24,2025-06-12,2025,Smlouva o dílo na zhotovení stavby Oprava zabezpečovacího zařízení v ŽST Pečky - napájení,False
33659393,"Správa železnic, státní organizace",70994234,Elektrizace železnic Praha a.s.,47115921,28595568.68,2025-06-12,2025,Smlouva o dílo na zhotovení stavby &quot;Oprava rozvodů elektrické energie na TS3 Praha&quot;,False
33641669,"Základní škola Sokolov, Švabinského 1702",69979081,MY DVA holding a.s.,25676059,318444.0,2025-06-10,2025,Nákup lavic a židlí,True
33605716,"Správa železnic, státní organizace",70994234,AŽD Praha s.r.o.,48029483,38679185.5,2025-06-09,2025,"Smlouva o dílo na zhotovení stavby ""Oprava zabezpečovacího zařízení v ŽST Loukov u Mnichova Hradiště""",False
33605540,"Správa železnic, státní organizace",70994234,TOMI - REMONT a.s.,25508571,18888994.27,2025-06-09,2025,"SMLOUVA O DÍLO NA ZHOTOVENÍ STAVBY  - Rekonstrukce zastávky Olomouc město(rekon. želez. spodku, svršku a výstavba nov. v",False
33505632,"Základní škola Aš, Hlávkova 26, okres Cheb",70976481,B2B Partner s.r.o.,27830306,61306.47,2025-06-02,2025,Nákup nábytku,True
33446840,KruV - RS (Kraj Vysočina),70890749,ZÁMEK ŽĎÁR z.s.,26537516,55000.0,2025-05-21,2025,Smlouva o poskytnutí dotace - Fond Vysočiny - Program TURISTICKÁ INFORMAČNÍ CENTRA 2025 ID FV02945.0025,False
33377996,Fakultní nemocnice Olomouc,00098892,PTÁČEK - pozemní stavby s.r.o.,25896873,247724170.24,2025-05-21,2025,SOD k VZ-2024-001011 Demolice a novostavba budovy WA VZ-2024-001011,False
33314400,"Správa železnic, státní organizace",70994234,"Atelier architektury a urbanismu, s.r.o.",03637182,1922000.0,2025-05-19,2025,"Smlouva o dílo na zhotovení Dokumentace pro povolení stavby, Projektové dokumentace pro provádění stavby a Dozor projekt",False
33298036,"Správa železnic, státní organizace",70994234,GJW Praha spol. s r.o.,41192869,25905383.81,2025-05-16,2025,"Smlouva o dílo na zhotovení stavby ""Beroun - oprava haly mechanizačního střediska""",False
33297676,Fakultní nemocnice Olomouc,00098892,"IBR Consulting, s.r.o.",25023446,612000.0,2025-05-16,2025,příkazní smlouva k VZ-2025-000351 - Projektový manažer BIM – Demolice a novostavba budovy WA VZ-2025-000351,False
33277492,"Základní škola pod Svatou Horou, Příbram",42730686,"AV MEDIA SYSTEMS, a.s.",48108375,7413245.29,2025-05-06,2025,Kupní smlouva - dodávka audiovizuální techniky,True
33245524,Fakultní nemocnice Brno,65269705,Murnyk Stav s.r.o.,05829275,6436000.1,2025-05-12,2025, „FN Brno – Výměna okenních výplní IHOK 14. NP objektu L II“ - smlouva o dílo,False
33227728,"Správa železnic, státní organizace",70994234,Egneza s.r.o.,07274564,2830000.0,2025-05-11,2025,"Smlouva o dílo na zhotovení Projektové dokumentace pro stavební povolení, projektová dokumentace pro provádění stavby a ",False
33048168,"Správa železnic, státní organizace",70994234,AŽD Praha s.r.o.,48029483,57190277.97,2025-04-25,2025,"Smlouva o dílo na zhotovení stavby ""Oprava zabezpečovacího zařízení v ŽST Neratovice""",False
33047296,"Správa železnic, státní organizace",70994234,PORR a.s.,43005560,33997272.69,2025-04-25,2025,"Smlouva o dílo na zhotovení stavby ""Oprava trati v úseku Plaňany - Bošice""",False
32940360,"Správa železnic, státní organizace",70994234,"MONZAS, spol. s r.o.",44222734,14891470.95,2025-04-16,2025,"Smlouva o dílo na zhotovení stavby ""Oprava TV v úseku Kralupy nad Vltavou (mimo) - Chvatěruby (včetně)""",False
32938404,Mesto Kolín,00235440,BFK service a.s.,27155153,32724473.65,2025-04-14,2025,Smlouva o dílo na akci: ''Rekonstrukce Kmochova domu v Kolíně - vybudování prostor pro dětské skupiny'',False
32829616,"Správa železnic, státní organizace",70994234,METROPROJEKT Praha a.s.,45271895,5790000.0,2025-04-08,2025,"Smlouva o dílo na zhotovení Projektové dokumentace pro provádění stavby a výkon dozoru projektanta ""Oprava trakčního ved",False
32767484,"Letiště Praha, a. s.",28244532,VPÚ DECO PRAHA a.s.,60193280,26866838.0,2025-03-31,2025,Parkovací dům APC,False
32757192,Střední odborná škola – Centrum odborné přípravy a Gymnázium,14891212,BLACKBACK s.r.o.,24763071,1835000.0,2025-04-02,2025,Smlouva o dílo ,True
32740216,Město Valašské Meziříčí,00304387,AXXI s.r.o.,11642041,16380000.0,2025-04-01,2025,"Smlouva o dílo na projektovou činnost, inženýrskou činnost a autorský dozor pro projekt „Bytový dům J.K.Tyla“",False
32683348,MČ Praha-Dolní Měcholupy,00231347,Lario a.s.,07215690,9568358.0,2025-03-26,2025,Smlouva o spolupráci při realizaci investičního záměru,False
32676724,"Správa železnic, státní organizace",70994234,MAFA STAVBY s.r.o.,06892752,868561.61,2025-03-27,2025,"Smlouva o dílo na zhotovení stavby ""Odstraňování postradatelných objektů SŽ – Demolice (obvod OŘ Praha) - Měšice str.d.č",False
32617892,"Správa železnic, státní organizace",70994234,GJW Praha spol. s r.o.,41192869,92479444.58,2025-03-24,2025,"Smlouva o dílo na zhotovení stavby ""Oprava trati v úseku Liteň - Lochovice""",False
32566448,"Správa železnic, státní organizace",70994234,TOP CON SERVIS s.r.o.,45274983,3179000.0,2025-03-19,2025,"Smlouva o dílo na zhotovení Projektové dokumentace pro stavební povolení, projektová dokumentace pro provádění stavby a ",False
32530540,Město Valašské Klobouky,00284611,Generali Česká pojišťovna a.s.,45272956,308126.0,2025-03-13,2025,"Pojistná smlouva č. 5386564784 - pojištění majetku (Město Valašské Klobouky vč. organizací - DDM, ZŠ, MŠ, KVS, Valašskok",False
32495616,"Správa železnic, státní organizace",70994234,"Chládek a Tintěra, Pardubice a.s.",25253361,2290677.87,2025-03-13,2025,"Smlouva o dílo na zhotovení stavby ""Odstraňování postradatelných objektů SŽ – Demolice v obvodu OŘ PHA 2025 - Benešov u ",False
32419608,"Správa železnic, státní organizace",70994234,Elektrizace železnic Praha a.s.,47115921,116978293.97,2025-03-07,2025,"Smlouva o dílo na zhotovení stavby ""Cyklická obnova trakčního vedení v ŽST Nymburk seřaďovací nádraží – Odbočka Babín (m",False
32311660,"Správa železnic, státní organizace",70994234,"Chládek a Tintěra, Pardubice a.s.",25253361,7420922.07,2025-02-27,2025,"Smlouva o dílo na zhotovení stavby ""Odstraňování postradatelných objektů SŽ - Praha Vršovice - objekty v areálu OTV""",False
32264296,Olomoucký kraj,60609460,M - Atelier Malínek s.r.o.,03831205,918300.0,2025-02-24,2025,"Smlouva o dílo a smlouva příkazní -PD - Základní škola a Mateřská škola při Priessnitzových léčebných lázních a.s., Jese",False
32229144,"Správa železnic, státní organizace",70994234,MAFA STAVBY s.r.o.,06892752,620393.12,2025-02-21,2025,"Smlouva o dílo na zhotovení stavby ""Odstraňování postradatelných objektů SŽ – Demolice (obvod OŘ Praha) – Kutná Hora měs",False
32171684,"Správa železnic, státní organizace",70994234,Signal Projekt   s.r.o.,25525441,4377000.0,2025-02-17,2025,"Smlouva o dílo na zhotovení Projektové dokumentace pro stavební povolení, projektová dokumentace pro provádění stavby a ",False
32111392,"Dětský domov, Praktická škola, Základní škola a Mateřská škola Nymburk, příspěvková organizace",62444191,KXN CZ s.r.o.,28784111,149910.0,2025-02-10,2025,Vybavení tříd - skříně a drobný nábytek,True
32099436,"Správa železnic, státní organizace",70994234,"AlphaCon, spol. s r.o.",47118105,4084964.0,2025-02-11,2025,"Smlouva o dílo na zhotovení stavby ""Všetaty - Oprava prostor pro ST""",False
32050512,statutární město Zlín,00283924,"CROSS Zlín, a.s.",60715286,350481206.9,2025-01-29,2025,SMLOUVA NA REALIZACI A SERVIS INTELIGENTNÍHO DOPRAVNÍHO SYSTÉMU VE ZLÍNĚ,False
32043540,"Správa železnic, státní organizace",70994234,SAGASTA s.r.o.,04598555,30977500.0,2025-02-02,2025,Smlouva o dílo na zhotovení Projektová dokumentace pro povolení stavby a Dozor projektanta: „ŽST České Budějovice podcho,False
31958168,"Správa železnic, státní organizace",70994234,Networked a.s.,17417988,67850.0,2025-01-30,2025,"Smlouva o dílo na zhotovení Projektová dokumentace pro povolení stavby, Projektová dokumentace pro provádění stavby a Do",False
31864076,"Nemocnice Český Krumlov, a.s.",26095149,Medsol s.r.o.,24201596,8491472.9,2025-01-20,2025,"Smlova o dílo - rekonstrukce septického sálu NČK, a.s. - operační sály",False
31778388,"Střední škola obchodní, České Budějovice, Husova 9",00510874,"DŘEVOTVAR - ŘEMESLA a STAVBY, s.r.o.",26071584,45490976.12,2025-01-16,2025,"Dodatek č. 9 ke smlouvě o dílo ""Nová přístavba - nová příležitost pro modernizaci vzdělávání""",True
31766280,Město Telč,00286745,"Služby Telč, spol. s r.o.",63496577,17656000.0,2024-12-20,2024,Smlouva o zabezpečení veřejně prospěšných služeb pro město Telč a místní část Studnice v období od 1. 12. 2024 do 30. 11,False
31765088,"Správa železnic, státní organizace",70994234,PROJEKT servis  spol. s r.o.,49823141,9547000.0,2025-01-15,2025,"Smlouva o dílo na zhotovení Projektové dokumentace pro stavební povolení, projektová dokumentace pro provádění stavby a ",False
31733472,"Správa železnic, státní organizace",70994234,AŽD Praha s.r.o.,48029483,13109774.5,2025-01-13,2025,"Smlouva o dílo na zhotovení stavby ""Oprava napájení zabezpečovacího zařízení v žst. Velim""",False
31684620,Statutární město Most,00266094,Ing. arch. MgA. Marek Přikryl,71588761,930000.0,2025-01-08,2025,"smlouva o dílo, zpracování architektonicko-krajinářskou studii - KEMP JEZERO MOST",False
31676684,"Správa železnic, státní organizace",70994234,AK signal Brno a.s.,26245507,142423657.69,2025-01-06,2025,Smlouva o dílo na zhotovení stavby Název zakázky: „Prostá rekonstrukce zabezpečovacího zařízení v ŽST Nové Město na Mora,False
31676252,"Správa železnic, státní organizace",70994234,SUDOP PRAHA a.s.,25793349,128665000.0,2024-12-19,2024,"Smlouva o dílo na zhotovení Záměru projektu, Projektové dokumentace  pro společné povolení, Projektové dokumentace pro s",False
31608892,Město Ivančice,00281859,"AV MEDIA SYSTEMS, a.s.",48108375,8993400.0,2025-01-02,2025,25100001 Kupní smlouva - Dodávka vybavení odborných učeben – AV a IT technika a nábytek – Základní škola T. G. Masaryka ,False
31543160,"Lesy České republiky, s.p.",42196451,KONOPA Vladimír s.r.o.,03565785,50453419.03,2024-12-16,2024,Nákup; Veřejné zakázky na stavební práce a služby související; změna stavby před dokončením,False
31542264,ÚMČ Praha - Šeberov,00241717,SANTAL spol. s r. o.,42408121,15743865.39,2024-12-18,2024,Dodatek ke smlouvě o dílo na dodávku nábytku ZŠ Šeberov_SANTAL,False
31533964,Karlovarský kraj,70891168,GEOSAN GROUP a.s.,28169522,430163222.33,2024-12-17,2024,Smlouva o dílo Karlovarské inovační centrum – stavební práce,False
31462880,Univerzita Tomáše Bati ve Zlíně,70883521,Bc. Zdeněk Rudovský,75186501,1560000.0,2024-12-12,2024,"Příkazní smlouva - ""Projektový manažer BIM a správce CDE - Novostavba budovy U1""",False
31456616,"Dopravní podnik hl. m. Prahy, akciová společnost ",00005886,HLAVNÍ MĚSTO PRAHA,00064581,16000000.0,2024-12-16,2024,"Smlouva o spolupráci, Terminál Smíchovské nádraží",False
31448220,"Správa železnic, státní organizace",70994234,GJW Praha spol. s r.o.,41192869,114488275.09,2024-12-16,2024,"Smlouva o dílo na zhotovení stavby ""Oprava trati v úseku Sedlčany - Olbramovice""",False
31333368,"Správa železnic, státní organizace",70994234,Elektrizace železnic Praha a.s.,47115921,15575216.0,2024-12-09,2024,"Smlouva o dílo na zhotovení stavby ""Oprava trakčního vedení v úseku Praha-Radotín (mimo) - Dobřichovice (mimo)""",False
31289040,"Správa železnic, státní organizace",70994234,"Chládek & Tintěra, a.s.",62743881,135000000.0,2024-12-05,2024,"Rámcová dohoda na provedení stavebních prací ""Údržba, opravy a odstraňování závad u SMT OŘ PHA 2025 - 2026""",False
31285124,Slezská univerzita v Opavě,47813059,"BAK stavební společnost, a.s.",28402758,594500000.0,2024-11-29,2024,SML_0999_0095_24 - Smlouva o dílo - Novostavba CEPIS v Karviné - Zhotovitel stavby,False
31263788,"Správa železnic, státní organizace",70994234,PRODIN a.s.,25292161,1939500.0,2024-12-04,2024,"Smlouva o dílo na zhotovení Projektové dokumentace pro stavební povolení, projektová dokumentace pro provádění stavby a ",False
31140060,"Správa železnic, státní organizace",70994234,RODOKOV 91 s.r.o.,64609316,45000000.0,2024-11-25,2024,"Rámcová dohoda na provedení stavebních prací „Údržba, opravy a odstraňování závad u SPS v obvodu OŘ OVA 2024 - provozní ",False
31133248,Město Milovice,00239453,Energy Benefit Centre a.s.,29029210,10648000.0,2024-11-22,2024,Přístavby tělocvičny a jídelny s kuchyní YŠ T.G.Masaryka v Milovicích-projekční práce,False
31091964,"Správa železnic, státní organizace",70994234,"Chládek & Tintěra, a.s.",62743881,16275942.0,2024-11-21,2024,"Smlouva o dílo na zhotovení stavby ""Podlešín ON - oprava""",False
31069092,Fakultní nemocnice Olomouc,00098892,"OHLA ŽS, a.s.",46342796,99611408.66,2024-11-20,2024,SOD k VZ-2024-000631 Novostavba budovy D4 II. VZ-2024-000631,False
31061292,Fakultní nemocnice Olomouc,00098892,STYLE STUDIO s.r.o.,48532894,3848000.0,2024-11-14,2024,Smlouva o dílo VZ-2024-000447 PD - Novostavba budovy geriatrie,False
31052372,"Správa železnic, státní organizace",70994234,"MŽT Stavitelství, a.s.",27762157,45000000.0,2024-11-19,2024,"Rámcová dohoda na provedení stavebních prací „Údržba, opravy a odstraňování závad u SPS v obvodu OŘ OVA 2024 - provozní ",False
31041600,"Střední škola obchodní, České Budějovice, Husova 9",00510874,"DŘEVOTVAR - ŘEMESLA a STAVBY, s.r.o.",26071584,45490976.12,2024-11-15,2024,"Dodatek č. 8 ke smlouvě o dílo ""Nová přístavba - nová příležitost pro modernizaci vzdělávání""",True
31035136,"Správa železnic, státní organizace",70994234,Indorama Ventures Mobility Moravia Services s.r.o.,26295547,35000000.0,2024-11-15,2024,Rámcová dohoda na dodávky hygienických prostředků 2024-2025,False
30891380,"Správa železnic, státní organizace",70994234,"N+N - Konstrukce a dopravní stavby Litoměřice, s.r.o.",44564287,2345000.0,2024-11-07,2024,"Smlouva o dílo na zhotovení Projektové dokumentace pro povolení stavby, projektová dokumentace pro provádění stavby a vý",False
30867356,"Základní škola U Lesa Nový Bor, Boženy Němcové 539, okres Česká Lípa, příspěvková organizace",46750461,"AV MEDIA SYSTEMS, a.s.",48108375,2394075.0,2024-10-04,2024,Vybavení IT učebny,True
30836168,Hlavní město Praha,00064581,Ministerstvo dopravy,66003008,60000.0,2024-11-04,2024,smlouva o výpůjčce § 2193 a násl. NOZ: Krátkodobá výpůjčka Piano nobille v Clam-Galasově paláci za účelem konání obchodn,False
30792924,"Správa železnic, státní organizace",70994234,Elektrizace železnic Praha a.s.,47115921,135000000.0,2024-10-31,2024,"Rámcová dohoda na provedení stavebních prací ""Údržba, opravy a odstraňování závad u SEE OŘ PHA 2025 - 2026""",False
30790564,"Správa železnic, státní organizace",70994234,Elektroline a.s.,45312338,41691962.92,2024-10-31,2024,"Smlouva o dílo na zhotovení stavby ""Oprava TV v úseku Nymburk hl.n. (mimo) – Kostomlaty nad Labem (mimo)""",False
30572004,Fakultní nemocnice v Motole,00064203,KANONA a.s.,04163664,2249210.0,2024-10-14,2024,Kupní smlouva - FN Motol - Interiér Pneumologické kliniky - Nábytek,False
30546672,Mesto Kolín,00235440,Střední průmyslová škola strojírenská a Jazyková škola s právem státní jazykové ,48665860,480326.0,2024-10-02,2024,Dodatek č. 1 k Nájemné smlouvě,False
30540128,"Správa železnic, státní organizace",70994234,MAFA STAVBY s.r.o.,06892752,1558988.71,2024-10-11,2024,"Smlouva o dílo na zhotovení stavby ""Odstraňování postradatelných objektů SŽ – Demolice (obvod OŘ Praha) - Velký Osek""",False
30473008,"Správa železnic, státní organizace",70994234,Dagmar Polhošová,48727873,2014399.71,2024-10-09,2024,SOD na zhotovení stavby-Demolice objektů v obvodu OŘ OVA 2024-4.etapa 2024(demolice stávajících nevyužitých budov ve špa,False
30461680,"Správa železnic, státní organizace",70994234,"CTB, a.s.",24694410,134000000.0,2024-10-08,2024,"Rámcová dohoda na provedení stavebních prací ""Opravy a údržba skalních zářezů u ST OŘ PHA 2024 - 2026""",False
30380244,"Správa železnic, státní organizace",70994234,MAFA STAVBY s.r.o.,06892752,845859.36,2024-10-02,2024,"Smlouva o dílo na zhotovení stavby ""Odstraňování postradatelných objektů SŽ – Demolice (obvod OŘ Praha) - Skalsko, Kojet",False
30371080,Statutární město Hradec Králové,00268810,drevotvar.com družstvo,27482219,4000000.0,2024-10-01,2024,Dodávka kancelářského nábytku 2024 -2028,False
30359184,"Správa železnic, státní organizace",70994234,S u b t e r r a a.s.,45309612,19948849.49,2024-09-30,2024,"Smlouva o dílo na zhotovení stavby ""Oprava výhybek v ŽST Kralupy nad Vltavou""",False
30344916,Fakultní nemocnice Olomouc,00098892,GEMO a.s. Společnost Nový Franz Josef,13642464,3284710906.0,2024-09-30,2024,Smlouva o dílo VZ-2024-000268 Novostavba budova B - I. etapa,False
30344912,Fakultní nemocnice Olomouc,00098892,GEMO a.s. Společnost Nový Franz Josef,13642464,98487884.0,2024-09-30,2024,Smlouva o dílo VZ-2024-000268 Novostavba budova B - II. etapa,False
30344908,Fakultní nemocnice Olomouc,00098892,GEMO a.s. Společnost Nový Franz Josef,13642464,96701210.0,2024-09-30,2024,Smlouva o dílo VZ-2024-000268 Novostavba budova B - III. etapa,False
30342532,"Základní škola a mateřská škola logopedická, Liberec, příspěvková organizace",46748059,ABCD Služby školám s.r.o.,62244892,116213.22,2024-06-03,2024,"Nábytek do tříd, šatní dvojskříň",True
30296476,"Správa železnic, státní organizace",70994234,AŽD Praha s.r.o.,48029483,65717499.84,2024-09-26,2024,"Smlouva o dílo na zhotovení stavby ""Oprava zabezpečovacího zařízení v ŽST Dolní Bousov""",False
30273556,"Správa železnic, státní organizace",70994234,"AlphaCon, spol. s r.o.",47118105,2744497.4,2024-09-25,2024,"Smlouva o dílo na zhotovení stavby ""Odstraňování postradatelných objektů SŽ - Demolice (obvod OŘ Praha) - Praha Libeň""",False
30258448,Statutární město Most,00266094,"AV MEDIA SYSTEMS, a.s.",48108375,9947868.0,2024-09-19,2024,"smlouva kupní, Vybudování odborných učeben v ZŠ V. Nezvala v Mostě - AV/IT vybavení",False
30251004,"Letiště Praha, a. s.",28244532,Metrostav DIZ s.r.o.,25021915,1032908977.93,2024-09-02,2024,Kolektor Hangar G,False
30208636,"Základní umělecká škola, Rumburk, Růžová 3/1416, příspěvková organizace",65082184,KM NEZMAR s.r.o.,27327108,90000.0,2024-09-12,2024,"vybavení tříd na budově F.Nohy 554/4 nábytkem, likvidace odpadu",True
30154668,"Letiště Praha, a. s.",28244532,Sweco a.s.,26475081,6761463.0,2024-09-16,2024,Kanalizace a vodovody areál Sever (DUSP),False
30138204,Statutární město Brno,44992785,"OHLA ŽS, a.s.",46342796,2298600000.0,2024-08-28,2024,Smlouva o zhotovení stavby a zařízení dalších záležitostí - Výstavba Janáčkova kulturního centra v Brně,False
30117284,"Mateřská škola Děčín II, Liliová 277/1, příspěvková organizace",72744201,ABCD Služby školám s.r.o.,62244892,4000000.0,2024-08-19,2024,Rámcová kupní smlouva ABCD,True
30116248,statutární město Děčín,00261238,"AV MEDIA SYSTEMS, a.s.",48108375,4783551.0,2024-09-10,2024,"KS - Modernizace odborných učeben ZŠ a MŠ Děčín III, Březová 369/25“ část C – IT",False
30112632,Dobrovolný svazek obcí Povýmolí,04363531,Dobrovolný svazek obcí Povýmolí,04363531,7976168.0,2024-02-16,2024,Svazková základní škola v Úvalech – projektant – dokumentace pro stavební povolení (DSP),False
30104364,Univerzita Tomáše Bati ve Zlíně,70883521,Zlínstav a.s.,28315669,524870000.0,2024-09-10,2024,Smlouva o dílo - UTB - Novostavba objektu U1,False
30092596,"Správa železnic, státní organizace",70994234,Elektrizace železnic Praha a.s.,47115921,6537155.2,2024-09-10,2024,"Smlouva o dílo ""Modernizace osvětlení ve vybraných lokalitách 2024 - OŘ PHA""",False
30043120,statutární město Plzeň,00075370,SILBA-Elstav s.r.o.,64358844,173951258.5,2024-09-04,2024,"Smlouva o dílo o realizaci stavby k inv. akci Rekonstrukce Klatovská 19, Plzeň",False
30035288,"Správa železnic, státní organizace",70994234,GJW Praha spol. s r.o.,41192869,78871105.45,2024-09-04,2024,"Smlouva o dílo na zhotovení stavby ""Oprava trati v úseku Mladá Boleslav - Dolní Bousov""",False
30025272,"Správa železnic, státní organizace",70994234,STRABAG Rail a.s.,25429949,55000000.0,2024-09-04,2024,"Rámcová dohoda na provedení stavebních prací ""Údržbové a dílčí opravné práce na objektech u SPS OŘ PHA 2025 - 2026 - Pra",False
30023552,"Správa železnic, státní organizace",70994234,STRABAG Rail a.s.,25429949,55000000.0,2024-09-04,2024,"Rámcová dohoda na provedení stavebních prací ""Údržbové a dílčí opravné práce na objektech u SPS OŘ PHA 2024 - 2026 - Pra",False
